Field,ID,RA,DEC,FWHM,ISOarea,KRON_RADIUS,nDet_magPStotal,PhotoFlagDet,R_PStotal,F660_PStotal,I_PStotal
H,"iDR3.HYDRA-0011.075548",150.44330135993783,-23.173862289410675,2.0751402,17,1.82,6.0,0,19.627684,19.112473,20.69732
S,"iDR3.SPLUS-n08s38.032224",202.69644814920034,-9.404781810879024,6.441645,20,5.527545,12.0,0,19.689669,19.0525,20.484447
S,"iDR3.SPLUS-s20s35.031802",335.3749339357301,-25.38194285939862,5.726001,15,3.723419,12.0,0,19.968616,19.531807,20.501358
S,"iDR3.SPLUS-n11s01.041473",149.86750379524292,-13.252131750691166,2.2464907,13,1.82,12.0,0,20.1786,19.68111,20.652071
H,"iDR3.HYDRA-0048.036892",163.18920507877073,-28.08168034712678,2.3073294,87,3.2621028,10.0,3,16.598564,16.59117,18.294199
S,"iDR3.SPLUS-n16s11.031916",165.0198883039752,-20.164692680513582,3.7928038,12,6.088913,12.0,0,20.420666,18.991543,20.862274
S,"iDR3.SPLUS-s03s01.008704",325.3889979526399,-3.2406378430303344,3.742086,22,3.7198353,12.0,0,19.165745,18.386189,19.76187
H,"iDR3.HYDRA-0061.077544",153.4702520289938,-30.11950266626276,3.7657194,215,3.1887388,12.0,3,16.11445,15.727638,17.91066
S,"iDR3.SPLUS-n14s01.040345",150.96395692162002,-17.150617465968892,5.0067444,29,4.8785896,12.0,2,19.505304,17.893143,20.196198
H,"iDR3.HYDRA-0037.021298",160.18522298683968,-26.908199760912332,2.1716545,27,4.0945263,12.0,0,18.165886,18.190437,20.93346
H,"iDR3.HYDRA-0104.079278",152.3753520998562,-37.03252891504635,4.349279,28,1.82,8.0,0,18.960812,18.833256,20.739803
S,"iDR3.SPLUS-n05n50.007732",217.52949791818708,4.8643528621342185,2.2990887,23,4.9314137,11.0,2,19.461266,19.286442,20.757214
S,"iDR3.SPLUS-n02s37.046364",199.4331632480484,-1.000304791159635,3.5133927,208,5.3116336,12.0,3,18.349922,16.50238,19.165794
H,"iDR3.HYDRA-0104.044054",151.60526797652437,-37.802311781549434,2.689898,639,2.5602736,12.0,3,13.73965,13.743122,15.792477
S,"iDR3.SPLUS-n02n19.026183",174.75578476142175,1.3382478314723678,4.502627,18,3.7690837,12.0,3,19.307255,18.268187,19.69522
S,"iDR3.SPLUS-n14s14.006018",169.39803780151604,-18.139146400575363,6.0235476,40,4.7933154,12.0,2,19.653427,18.732384,20.227007
H,"iDR3.HYDRA-0069.012270",151.71667551521224,-32.75898223958493,2.8984432,1855,2.2687576,12.0,6,12.07682,12.008095,15.59594
H,"iDR3.HYDRA-0013.048992",154.60806176511605,-23.671327441386886,3.0364614,10,2.8091714,12.0,0,20.404266,19.462296,20.919624
H,"iDR3.HYDRA-0048.074383",164.05297648464912,-27.340493477803786,2.8731785,40,2.8533041,11.0,0,17.977083,16.471012,19.776667
S,"iDR3.SPLUS-n14s33.033280",195.38889023732077,-17.402163487986787,3.767671,18,3.4204102,12.0,0,19.890852,19.510323,20.562155
H,"iDR3.HYDRA-0151.000165",163.13488234779288,-45.27905175450667,2.07321,173,2.5633461,12.0,3,15.428055,14.788688,16.24619
H,"iDR3.HYDRA-D-0001.134024",157.9802219963947,-33.90828731046859,3.7859423,47,1.82,9.0,0,18.792168,18.096874,19.630417
S,"iDR3.STRIPE82-0007.023673",3.6199743565125737,-0.7455029176005269,6.947414,54,6.820581,12.0,3,19.68985,18.056273,20.256641
S,"iDR3.SPLUS-n19s01.006916",164.25184149386763,-24.798683830436467,2.3857658,12,1.82,12.0,0,20.045218,19.412052,20.549665
S,"iDR3.SPLUS-n02n28.033705",186.9424382125147,1.6010802406287115,4.604931,32,6.2916613,12.0,3,19.71866,18.319466,20.15703
S,"iDR3.SPLUS-n15s20.046032",176.9692875413315,-18.199593460927137,4.4076858,14,5.4630723,12.0,0,20.180893,19.571087,20.883173
H,"iDR3.HYDRA-0077.000664",150.69286744299933,-34.28577539761965,4.478303,37,3.384392,8.0,0,19.114214,18.577152,19.591496
H,"iDR3.HYDRA-0136.042939",163.00745026863922,-41.892170553131315,2.41967,56,3.5190935,12.0,0,17.635582,17.828808,20.384422
S,"iDR3.SPLUS-s24s61.017859",334.16969990165353,-31.240107171328066,5.549021,18,2.0872056,12.0,3,20.530664,19.947102,20.819887
H,"iDR3.HYDRA-0052.018558",154.08925296635758,-29.85986890487721,2.4366207,62,3.9094462,11.0,3,17.89144,17.72511,20.834179
H,"iDR3.HYDRA-0106.040045",156.9261644241479,-37.682411356469395,6.8371377,28,4.8146286,12.0,2,19.866385,19.10152,20.72963
H,"iDR3.HYDRA-0117.044221",160.07580629662584,-39.02361825020224,5.8880997,64,3.7623882,12.0,2,17.645313,17.588928,20.239035
H,"iDR3.HYDRA-0140.073990",156.85762487962052,-42.741802321381485,6.915502,72,3.6647053,12.0,0,17.542984,16.946106,18.508867
S,"iDR3.SPLUS-n02n19.019328",175.95021538229904,1.1350952392512657,2.8300993,13,3.9979973,12.0,0,19.379372,18.882671,20.288008
H,"iDR3.HYDRA-0117.018614",160.08655053457562,-39.49945999374784,5.51457,101,3.7642274,12.0,3,17.180588,17.181715,20.111338
S,"iDR3.STRIPE82-0024.000821",15.562046771477473,0.030255531274372773,3.8549912,122,3.4613879,12.0,0,17.42847,16.675602,17.741243
H,"iDR3.HYDRA-0077.074068",149.48358738891747,-33.1786172313488,6.159178,342,3.5090091,12.0,2,15.99811,15.793303,19.61156
H,"iDR3.HYDRA-0096.000007",152.42477533218374,-37.072283320428525,3.3252175,31,3.5726645,11.0,0,18.570251,17.573017,18.953693
H,"iDR3.HYDRA-0121.038210",150.36955277935004,-40.70523659502966,2.9851074,10,5.204759,11.0,0,19.809551,19.550707,20.737251
S,"iDR3.SPLUS-n11s03.019847",152.78760079527692,-13.775264641130967,3.6766667,178,5.1783953,12.0,3,19.203766,17.531147,19.752274
H,"iDR3.HYDRA-0031.014285",150.71541636257092,-27.097893479749743,2.9572082,31,4.453788,11.0,3,19.288774,19.236626,20.829527
H,"iDR3.HYDRA-0148.050363",158.33596413024327,-44.70483133437549,5.7188296,11,1.82,10.0,0,20.160778,19.066483,20.971928
S,"iDR3.SPLUS-n16s01.000509",150.80331114785088,-20.942158262912596,3.316183,71,0.0,12.0,3,16.393978,16.330572,18.4119
S,"iDR3.STRIPE82-0106.020286",313.94015496296885,0.380904458015274,4.207525,21,5.1603546,12.0,2,19.380026,18.050365,20.510036
S,"iDR3.SPLUS-s02s08.040033",334.89283243504946,-1.071376767124696,3.5545502,15,1.9132223,12.0,0,19.940033,19.434006,20.572376
S,"iDR3.SPLUS-n07s01.014743",151.28286671900932,-8.512947035164837,3.3421724,19,3.560928,12.0,0,19.366264,19.00025,20.249247
H,"iDR3.HYDRA-0014.002392",156.15271326415757,-24.57046234799539,6.498936,50,3.357554,12.0,2,19.462528,18.943136,20.419598
H,"iDR3.HYDRA-D-0002.000032",156.1366542698264,-35.34266792428269,2.9419925,174,2.7415805,12.0,0,15.665255,15.051616,16.205748
S,"iDR3.STRIPE82-0164.030228",354.400936509474,0.598658560618909,4.545269,25,2.9972517,12.0,2,20.146753,18.86861,20.684025
S,"iDR3.SPLUS-s23s33.051468",334.1253072836468,-29.01480498338059,4.5215006,16,5.575469,12.0,0,19.776596,17.750317,20.807096
S,"iDR3.STRIPE82-0099.000188",308.37760318468224,-1.3783601666587044,3.9188085,139,3.6649337,12.0,2,18.463474,16.465258,19.700056
H,"iDR3.HYDRA-0102.075251",163.29524183797864,-35.63839883541829,4.1107907,41,1.82,12.0,0,18.195444,17.664555,18.606255
H,"iDR3.HYDRA-0156.038421",159.86813932922573,-46.23380179974603,3.7114892,8,3.1215522,7.0,0,20.01304,19.132504,20.635365
S,"iDR3.STRIPE82-0095.052984",306.7773939711684,-0.6357219920781817,3.2592437,13,3.721207,10.0,0,19.14422,18.520744,19.731363
S,"iDR3.STRIPE82-0112.023499",318.19224881157754,0.4463619066385694,6.254744,58,4.546764,12.0,3,18.692482,18.015629,19.755493
S,"iDR3.STRIPE82-0141.018587",338.3061798828739,-0.9200969942086774,2.3123558,42,0.0,12.0,3,17.763111,16.98271,20.48605
S,"iDR3.SPLUS-n18s20.057259",178.1002986574552,-22.455001233857036,3.1181686,19,4.1137214,12.0,0,19.938068,18.415298,20.507488
H,"iDR3.HYDRA-0137.070629",149.09749391975734,-43.2873610299356,2.377084,27,4.2134647,12.0,3,19.11382,18.72364,19.959625
H,"iDR3.HYDRA-0062.000195",155.7551497192617,-31.55286030408309,3.4445264,68,3.417533,12.0,0,16.363031,16.270992,17.74167
S,"iDR3.SPLUS-n12s33.017983",196.83914215041287,-15.158043702089627,2.557915,45,3.293907,12.0,2,17.933426,17.528687,18.555172
H,"iDR3.HYDRA-0153.109598",153.8227007784095,-45.714538397348576,5.0172195,19,4.0698533,12.0,3,20.051533,18.25489,20.874092
S,"iDR3.STRIPE82-0112.020655",318.1924501945227,0.3899566703291452,3.8215456,27,3.9132602,12.0,2,19.795095,19.10152,20.704458
S,"iDR3.SPLUS-n16s10.014423",164.90823379364934,-20.61102919684325,3.0661542,25,3.0150056,12.0,2,19.641212,18.828384,20.101112
S,"iDR3.SPLUS-s03s01.021440",325.3880970682759,-2.9619419755199896,2.361338,89,3.1581173,12.0,3,16.948141,16.480804,17.776798
H,"iDR3.HYDRA-0124.075917",157.81345348707177,-40.15591393329525,5.754659,46,3.772675,12.0,3,19.030312,17.024101,19.8467
H,"iDR3.HYDRA-0111.041295",163.9437609168157,-37.75974882908552,3.1014614,30,4.584088,9.0,0,19.570118,19.045511,20.065372
S,"iDR3.SPLUS-s22s33.000004",333.1803925715979,-28.96076557311981,6.6092114,39,4.7635098,9.0,0,19.275812,18.417606,19.982302
S,"iDR3.SPLUS-n08s01.001524",151.23671407717939,-10.159438711697545,3.9225242,19,3.6484156,12.0,0,19.972733,18.177132,20.988197
H,"iDR3.HYDRA-0053.019390",155.77526919541657,-29.784186871770604,2.090585,38,3.419118,12.0,0,18.074495,17.892416,19.215199
H,"iDR3.HYDRA-0081.037886",158.01332462581152,-33.510635765432745,6.684685,51,4.1727924,12.0,0,18.139,17.568756,18.81814
S,"iDR3.STRIPE82-0026.050711",17.242995026203268,1.3925796570239284,4.104789,55,6.820391,12.0,1,19.696598,18.41548,20.082726
H,"iDR3.HYDRA-0121.055452",150.3682932785934,-40.49026205178558,3.000967,16,2.202647,11.0,0,19.336868,18.8642,20.540432
H,"iDR3.HYDRA-0129.023475",149.7478475336096,-42.26769266946458,2.1867032,86,3.392119,12.0,3,16.357697,16.407318,19.145956
H,"iDR3.HYDRA-0145.017924",152.45026906210012,-45.13321954408437,3.9963508,14,4.788527,12.0,0,19.865936,18.077347,20.880287
H,"iDR3.HYDRA-D-0003.041544",157.41173439876025,-36.26150065236285,4.4747467,1946,2.604419,12.0,6,11.703348,11.623407,14.056817
H,"iDR3.HYDRA-0011.073820",150.8823454180836,-23.16851954277631,6.1734242,76,1.82,9.0,0,18.45287,18.747944,20.834476
S,"iDR3.SPLUS-s26s38.037434",58.90008134441035,-33.2107124545388,2.5182931,421,0.0,12.0,3,15.780436,15.562138,17.071514
H,"iDR3.HYDRA-0026.018365",159.73480460089112,-25.631021464706063,4.475069,91,3.0450864,12.0,0,15.799352,15.064285,17.07154
S,"iDR3.SPLUS-s29s48.053120",320.1024315448749,-37.035562171048795,5.6864643,25,4.7241893,12.0,3,19.864025,19.160248,20.169958
S,"iDR3.STRIPE82-0027.023036",18.89077699675322,-0.8587455347938298,5.119996,437,3.434494,12.0,3,16.82498,14.995115,17.574333
H,"iDR3.HYDRA-0137.030974",149.10011178767613,-43.62971062532127,2.3441577,429,2.7383428,12.0,3,13.656232,13.965853,16.712284
H,"iDR3.HYDRA-0056.040679",160.54333807171315,-29.445198858507165,2.3066926,29,2.616867,12.0,2,18.884186,18.622036,20.495432
H,"iDR3.HYDRA-0019.029812",163.83599049154864,-23.907370522698766,4.2786837,22,4.365067,12.0,3,19.547165,19.036188,20.17223
S,"iDR3.STRIPE82-0090.164954",301.96020881354997,1.4357992517420628,3.8732753,23,1.82,11.0,0,19.493584,18.980389,19.818193
S,"iDR3.SPLUS-n03s18.007209",174.59468300063068,-3.255086112535046,4.4652605,28,4.6727,12.0,3,19.152256,17.542654,19.727312
S,"iDR3.STRIPE82-0169.030158",357.8153294830434,-5.8998646198314144E-5,3.1357136,12,7.3775544,12.0,0,20.296467,19.53109,20.750835
S,"iDR3.SPLUS-n13s04.008548",155.42092207372565,-16.737509537070316,2.6214108,18,3.807827,12.0,0,19.509312,18.754583,20.12772
S,"iDR3.SPLUS-n17s17.012781",174.94789071139556,-21.955696720076112,4.043398,12,2.0887666,12.0,0,20.12027,19.340813,20.913916
H,"iDR3.HYDRA-0039.013171",163.3449876475051,-27.139992963223488,2.458373,282,3.1576471,12.0,3,15.787263,15.590078,16.92318
S,"iDR3.STRIPE82-0112.031119",318.1915872626275,0.6022337565807521,3.738291,30,4.535544,12.0,0,19.10414,18.403576,20.368557
S,"iDR3.SPLUS-s26s12.024278",18.395545963646896,-33.50064042373719,5.019779,18,3.686205,12.0,0,20.176275,19.652308,20.537758
H,"iDR3.HYDRA-0121.070101",150.35869092036918,-40.31411641152211,5.1908917,319,2.869378,12.0,0,13.606185,13.501034,16.402245
H,"iDR3.HYDRA-0051.028758",153.58989696083984,-29.49495910126087,2.4269106,7,3.3129098,11.0,0,20.473417,19.909058,20.751343
S,"iDR3.SPLUS-n15s21.016839",178.05431943383525,-19.209141541172368,2.6693866,290,0.0,12.0,3,16.49841,15.940748,17.52542
H,"iDR3.HYDRA-0084.059170",162.79818641175822,-32.89480133556277,2.561172,19,1.82,11.0,0,19.446028,18.860422,20.627882
H,"iDR3.HYDRA-0129.024115",149.74265674434176,-42.26113234618966,2.663152,50,3.4773953,12.0,2,17.326038,17.26268,18.829777
S,"iDR3.SPLUS-s25s09.043816",11.994479645329305,-31.97850191723796,4.524717,86,5.5590267,12.0,3,18.45972,16.515938,19.61824
H,"iDR3.HYDRA-D-0001.063377",157.41004420914481,-34.644940940472445,2.3392286,49,2.55009,11.0,3,18.649496,18.37271,20.066813
S,"iDR3.SPLUS-n16s02.005530",153.38977537009552,-20.760159574720795,4.6614237,67,4.0008035,12.0,2,17.595455,17.215286,18.844437
H,"iDR3.HYDRA-0061.075257",154.08864092816754,-30.10785283023747,1.8078572,18,1.82,11.0,0,18.75935,18.01262,19.916689
H,"iDR3.HYDRA-0069.085456",151.91113039164756,-31.500154416102355,2.7193708,54,3.5763972,12.0,0,17.559849,17.121569,18.565344
H,"iDR3.HYDRA-0137.060186",149.0991717471123,-43.37617081439304,2.8213322,12,2.9821892,12.0,0,19.392887,18.991367,20.056213
S,"iDR3.STRIPE82-0091.009936",303.9444563106612,-1.276610122552743,3.64556,40,3.7777686,12.0,0,17.870277,17.328434,18.862362
S,"iDR3.STRIPE82-0011.044959",7.792082121296877,-0.26257457705527415,4.7361956,61,3.696614,12.0,2,18.80146,18.714127,20.205044
S,"iDR3.STRIPE82-0076.006124",53.15637348569088,0.13944302553720572,4.1918306,87,3.2080286,11.0,0,16.85218,16.449184,17.482122
S,"iDR3.SPLUS-s17s30.051911",326.923436863409,-21.013377356796166,2.6949403,10,3.5587797,12.0,0,20.375015,19.19207,20.79131
H,"iDR3.HYDRA-0033.054699",154.60886952514295,-26.49148368874366,1.6698339,250,0.0,12.0,3,17.976593,16.44228,18.528126
S,"iDR3.STRIPE82-0089.066914",302.5212708715713,-0.6631487360802586,3.5155478,25,2.9111238,12.0,2,18.910297,18.35139,19.836145
H,"iDR3.HYDRA-0121.086310",150.35825871223687,-40.101886131816514,3.092225,22,3.8304906,12.0,0,18.592297,18.442505,20.762001
S,"iDR3.STRIPE82-0081.000469",56.74434733851235,-1.373460888074831,3.9684453,125,3.2620661,12.0,0,17.427824,16.608978,17.97182
S,"iDR3.SPLUS-s17s23.010277",317.2079549840881,-22.096342364756048,3.2589316,41,5.166801,12.0,3,19.423807,18.31234,20.604671
H,"iDR3.HYDRA-0131.106632",155.4614110165094,-41.3295727861573,3.3357646,9,3.6691985,11.0,0,20.332653,19.591637,20.88554
S,"iDR3.STRIPE82-0092.007511",303.4123859899806,0.10847320576169187,4.0566416,13,1.82,11.0,0,19.837921,19.197388,20.126045
H,"iDR3.HYDRA-0129.047481",149.7425383099921,-42.02832263651119,6.077246,1432,2.504225,12.0,6,11.936606,11.810702,17.809795
S,"iDR3.SPLUS-n12s02.043088",152.7586596162104,-14.676904418251612,3.3843453,111,3.7923496,12.0,3,17.86271,15.993084,18.626049
H,"iDR3.HYDRA-0158.015093",163.89722028194223,-46.50784450488018,2.1786628,30,3.0900822,12.0,2,18.180824,16.896517,19.79371
S,"iDR3.SPLUS-s25s45.006279",70.43547151856541,-32.71316846642457,2.8649871,16,5.39934,12.0,0,19.534624,18.76458,19.99099
S,"iDR3.SPLUS-s22s32.025553",333.2185453116102,-28.435676734957944,3.0277824,10,4.102547,12.0,0,19.993034,19.001492,20.592567
H,"iDR3.HYDRA-0138.069944",153.02509389224338,-43.19618212622167,3.0469108,16,2.7271178,11.0,3,19.848711,18.152699,20.701958
S,"iDR3.SPLUS-n05s03.042012",153.31066930355348,-5.210167217872532,1.8385202,46,3.2748249,12.0,3,16.509499,16.236593,19.000015
H,"iDR3.HYDRA-0121.026089",150.37090341999115,-40.8519484846524,3.995038,26,3.983847,10.0,0,18.70037,18.299675,19.877201
H,"iDR3.HYDRA-0137.035294",149.09973346603618,-43.58932373213561,1.9210037,206,2.868082,12.0,3,15.323331,15.557929,20.817799
H,"iDR3.HYDRA-0066.013836",162.81698797600112,-31.270939296002755,2.4526813,12,3.8706875,12.0,3,19.568703,18.346167,20.26552
H,"iDR3.HYDRA-0117.036794",160.0795511904486,-39.17932981709585,5.9969244,568,3.0263977,12.0,2,13.5637665,13.53137,16.700705
H,"iDR3.HYDRA-0163.022292",157.35858005537395,-47.82882047721658,3.9198546,11,3.65034,12.0,2,20.330694,18.395096,20.91121
S,"iDR3.SPLUS-n10s35.037236",198.5143258035405,-11.93240713572166,4.30802,14,3.0932553,12.0,0,20.445103,19.63302,20.809551
H,"iDR3.HYDRA-0055.103087",159.71572526234496,-28.73551290526178,3.9026406,99,2.513288,11.0,0,17.593079,17.412132,18.704979
S,"iDR3.SPLUS-s26s44.000936",70.25948809877283,-34.22704098131671,3.4090924,56,3.5881863,12.0,2,17.865677,17.051985,19.364927
S,"iDR3.SPLUS-s17s30.018065",327.37170525535765,-21.87617578358955,4.7498975,103,3.8120136,12.0,2,17.572716,16.35183,18.546661
H,"iDR3.HYDRA-0036.025605",158.60707177776573,-26.843964133495795,2.370869,24,4.3597813,10.0,0,18.705223,18.54299,20.15937
S,"iDR3.SPLUS-n13s32.026048",193.6363035969289,-16.351049269931643,2.271038,11,5.640981,12.0,0,20.434984,19.133415,20.93494
H,"iDR3.HYDRA-0021.020613",150.31617486234467,-25.645810536763108,1.8830459,334,2.9520853,12.0,2,15.215273,15.198086,18.725105
H,"iDR3.HYDRA-0098.052576",157.3761036000454,-36.216253723376845,3.2619429,19,3.559609,12.0,3,19.476921,18.526823,20.440475
H,"iDR3.HYDRA-0121.056916",150.36823910881648,-40.48342608618111,2.8685102,676,2.9303048,12.0,2,13.64583,13.358751,15.3776245
S,"iDR3.SPLUS-s27s34.029847",55.08871476251146,-34.65158064066873,3.2883317,10,2.0124524,10.0,0,20.265278,19.658266,20.59335
S,"iDR3.SPLUS-n09s38.000058",201.21639844747187,-11.54784421395066,5.209396,9,1.82,10.0,3,17.7569,17.289715,19.854221
H,"iDR3.HYDRA-0107.039834",158.69666579164382,-37.59887673758166,4.4539084,40,4.2383456,12.0,2,18.321772,17.74799,18.98975
H,"iDR3.HYDRA-0064.056844",158.91174473479245,-30.109512113217335,3.457069,35,2.7966013,10.0,0,17.638681,17.32051,19.577435
H,"iDR3.HYDRA-0143.077982",162.45251172981352,-42.9691171043318,4.781012,17,4.581516,12.0,0,20.237492,18.703081,20.851673
H,"iDR3.HYDRA-D-0002.000010",156.04765963243705,-35.34263800259103,2.3203833,24,3.7035773,6.0,3,19.122917,18.82214,19.951107
S,"iDR3.SPLUS-s29s46.072842",316.47319569385303,-37.14456181858315,1.896335,129,3.1229312,12.0,0,17.030285,16.201042,17.552546
S,"iDR3.SPLUS-s31s44.000221",316.90733897290426,-40.83860097310526,2.7343493,22,3.9050827,10.0,0,20.002865,19.383806,20.43435
S,"iDR3.SPLUS-n15s20.042930",177.11120124325876,-18.50628940436583,2.0577223,21,4.521053,12.0,0,19.21576,17.05995,19.86952
H,"iDR3.HYDRA-0145.049153",152.4442356202359,-44.89376161920983,4.823144,20,4.6435,12.0,2,19.76215,18.376759,20.869768
S,"iDR3.SPLUS-n16s15.043877",172.10262014941057,-20.03071315120004,4.803481,33,5.6829348,12.0,0,19.554974,18.356884,20.185383
H,"iDR3.HYDRA-0137.149222",149.95887794905747,-42.48146869819253,3.9927647,57,3.4575012,11.0,3,18.73743,17.997269,19.466238
H,"iDR3.HYDRA-0156.002588",159.87758276927772,-46.606048036816254,4.7415657,17,5.7409153,11.0,2,19.290167,18.61483,20.507267
S,"iDR3.STRIPE82-0089.132743",302.5138157034115,-0.10884798671702747,5.6092634,11,2.7467144,12.0,0,20.329369,19.422855,20.999882
H,"iDR3.HYDRA-0152.142322",151.80873190391839,-45.62252366966431,5.606262,13,3.573645,12.0,3,19.235783,17.024542,20.34506
H,"iDR3.HYDRA-0152.147333",151.8073884426182,-45.58832980669175,4.5290146,48,5.458944,12.0,2,18.882793,18.10037,19.946404
S,"iDR3.SPLUS-s35s45.004701",324.17263982387533,-45.94398173486011,3.6068668,15,3.670386,12.0,0,20.083755,19.456068,20.572334
H,"iDR3.HYDRA-0093.073006",161.98245401935384,-34.59259737461205,1.6331022,49,0.0,12.0,3,16.37556,15.965195,17.615528
H,"iDR3.HYDRA-0123.027563",155.9892590457165,-40.82734842411913,3.120534,14,1.8541598,10.0,0,19.830109,18.794659,20.327606
H,"iDR3.HYDRA-0025.013889",158.17960341113331,-25.702720230940297,3.3789115,19,3.889422,11.0,0,19.86266,18.730268,20.999619
H,"iDR3.HYDRA-0011.066566",150.32352457772527,-23.175435217832618,4.1982293,298,2.5925863,12.0,2,14.406248,14.369801,17.369287
H,"iDR3.HYDRA-0104.042425",151.5965106312249,-37.815402767820906,3.1315901,238,3.4541073,9.0,3,15.736358,15.644485,17.37714
H,"iDR3.HYDRA-0060.074697",152.29597082811318,-30.13967001641207,3.537456,42,3.497089,12.0,2,18.321346,17.809269,18.799644
S,"iDR3.STRIPE82-0003.038114",1.6665698868686651,0.04747741129990639,3.258765,20,1.82,10.0,0,18.90485,17.823679,20.148949
H,"iDR3.HYDRA-0031.028960",150.7130587849153,-26.807805925702517,2.5953765,55,3.3225007,11.0,2,18.471449,17.872795,19.028532
H,"iDR3.HYDRA-0061.031554",152.9146815510329,-31.04863057531803,2.0874598,743,2.651419,12.0,2,14.022472,13.816579,17.75994
H,"iDR3.HYDRA-0034.000945",156.8924500671813,-27.390251030201163,5.1579723,643,2.5144198,9.0,6,13.435751,13.416096,17.016945
H,"iDR3.HYDRA-0026.052331",158.85933642579576,-24.753136157195524,3.7604105,152,5.4802113,12.0,3,17.968056,16.230621,18.671417
H,"iDR3.HYDRA-0022.039642",153.50031373306143,-25.241267716050874,3.5129116,14,3.8616807,10.0,0,19.67437,18.379549,20.803268
S,"iDR3.STRIPE82-0099.000383",308.90848172898063,-1.3735948611427486,2.6065133,64,2.7522554,11.0,0,18.585901,18.01471,20.24244
S,"iDR3.SPLUS-n02s27.030508",186.59798824693982,-1.2522238258898684,6.877187,108,6.543506,12.0,3,19.13391,17.596834,19.72733
H,"iDR3.HYDRA-0011.073716",151.02535350205395,-23.166713931002704,4.4331264,117,2.7351406,12.0,2,15.57645,15.293367,18.143543
H,"iDR3.HYDRA-0064.004120",157.83359037194498,-31.48948188875421,3.6788416,2346,2.2476895,12.0,6,11.719139,11.605914,15.595887
H,"iDR3.HYDRA-0021.025088",150.31440773830957,-25.56279916973636,2.5476809,91,3.4900181,11.0,2,16.838854,16.82576,20.130436
S,"iDR3.SPLUS-s13s46.028473",348.08138382562527,-16.292385542490308,3.5321977,13,3.6771545,12.0,0,20.260952,19.359077,20.646088
S,"iDR3.SPLUS-n17s02.027149",151.8708726412487,-21.7250381049027,3.3491194,29,3.6285365,12.0,0,19.45517,18.282562,19.849663
H,"iDR3.HYDRA-0141.081421",158.78923479168898,-42.972255574879775,3.3164067,18,3.7768662,11.0,0,19.563866,18.361574,20.606098
S,"iDR3.SPLUS-s28s48.000069",316.9019229355131,-36.90285533130202,3.7481081,20,4.505249,12.0,0,20.186382,18.721231,20.666199
S,"iDR3.STRIPE82-0040.011675",27.444657474694633,0.2501617694797464,3.6535954,2,10.846841,6.0,2,18.968245,18.155674,19.418697
H,"iDR3.HYDRA-0084.002539",161.3883037633281,-34.27336354025546,3.0264342,230,2.94942,12.0,2,14.728188,14.700424,20.651756
S,"iDR3.SPLUS-n13s07.000014",158.33844599846074,-16.932210919156283,3.9184592,34,4.253988,12.0,0,19.464235,18.323238,20.561054
S,"iDR3.SPLUS-n14s07.053216",158.52844022099433,-16.89226685415695,4.4371734,25,4.101459,12.0,0,19.820112,18.317627,20.558315
H,"iDR3.HYDRA-0084.016876",161.39423005856654,-33.99339436443023,2.79651,16,2.229174,9.0,0,19.153633,19.173996,20.86961
H,"iDR3.HYDRA-0134.072975",159.40977580651818,-41.46984809918167,3.142388,27,6.837754,12.0,0,19.168808,17.2533,20.080692
S,"iDR3.SPLUS-s28s34.024155",55.85647335502862,-36.07003636635247,6.3283644,40,1.8434432,12.0,2,19.404541,18.262663,20.27273
H,"iDR3.HYDRA-0070.034110",153.36874604436503,-32.237889914536076,3.2926705,1285,2.5995936,11.0,4,12.451521,12.142988,16.277521
H,"iDR3.HYDRA-D-0002.014891",155.80921890870118,-35.11718732528404,2.6920266,28,4.3850718,11.0,2,19.0158,18.982933,20.627213
S,"iDR3.STRIPE82-0109.000928",316.57981083001687,-1.3677692123596028,5.0114293,109,3.5859177,10.0,2,17.340878,17.284805,20.435684
S,"iDR3.SPLUS-s23s21.007728",314.5268677152485,-30.138358200406397,1.9913847,11,2.468911,12.0,0,19.89722,18.923594,20.384926
S,"iDR3.STRIPE82-0095.000023",305.65565662012915,-1.379255301426233,5.194069,26,3.8525338,8.0,0,19.205389,18.426231,19.597204
H,"iDR3.HYDRA-0086.075025",150.52308034709242,-34.256507140933074,5.7420216,71,1.82,12.0,2,17.799889,17.684818,19.12084
S,"iDR3.SPLUS-n07s43.015179",208.77190793029135,-8.503259268717619,3.6226714,14,4.367817,11.0,0,20.330124,19.768726,20.682962
S,"iDR3.SPLUS-n11s41.000265",205.9829614940105,-14.235630085488037,2.1664615,137,2.916072,12.0,0,17.273724,16.89394,20.580767
H,"iDR3.HYDRA-0156.022652",159.87249222893143,-46.40274961993336,6.4234853,76,4.3617687,12.0,2,18.47975,18.11438,19.220795
S,"iDR3.SPLUS-n18s15.021466",171.72969744006403,-23.115863521274214,3.355186,17,5.2515984,12.0,0,20.197472,18.997356,20.60457
S,"iDR3.SPLUS-n12s28.023113",189.2429513667166,-14.863335249139748,4.7841935,7,4.907548,11.0,0,20.418705,19.880672,20.747406
H,"iDR3.HYDRA-0118.000121",161.0177974465539,-39.819466947231554,4.3221993,43,3.807083,12.0,0,18.204163,17.211628,19.065756
H,"iDR3.HYDRA-0055.029299",158.93535787795608,-29.789628509444547,2.9487014,445,2.9708219,11.0,3,14.961038,14.976032,19.514915
S,"iDR3.SPLUS-s25s45.023355",70.90506597528633,-32.10941199742046,2.5742233,18,2.3134396,12.0,0,18.850035,18.504217,19.652172
S,"iDR3.SPLUS-n11s39.055025",203.00564059185757,-13.098948286766191,5.609717,23,4.171245,12.0,0,19.951694,18.916412,20.373081
H,"iDR3.HYDRA-0111.075690",164.81458381448007,-37.01159148585931,5.8669906,60,1.82,12.0,0,18.442284,17.915792,19.238789
H,"iDR3.HYDRA-0121.007274",150.36431382690853,-41.073189326543975,5.245522,54,3.3385172,12.0,0,17.04612,16.843115,20.20781
S,"iDR3.SPLUS-s27s47.000284",316.4120535567434,-35.57462618104087,5.7074714,38,4.43525,12.0,0,18.928568,17.678333,20.215137
S,"iDR3.SPLUS-n03s25.014998",183.43415830944113,-3.0591089411962344,6.4158144,32,7.51585,12.0,3,20.182701,19.09472,20.678497
S,"iDR3.SPLUS-n15s05.030293",156.1922208795262,-18.642300862355984,6.6814504,240,3.6809926,12.0,7,12.381189,11.574181,12.808997
S,"iDR3.SPLUS-s23s21.012345",315.81034688313594,-30.04078872053611,2.2015095,60,3.0268,12.0,3,17.2445,16.18232,18.563934
S,"iDR3.STRIPE82-0009.004207",5.591884072268045,-1.3065965074642498,4.3587923,545,4.339124,12.0,3,18.392399,16.786915,18.845098
S,"iDR3.SPLUS-n09s38.000059",201.245569648305,-11.547789505317613,3.6501606,7,1.82,9.0,2,18.035503,17.653503,19.461124
S,"iDR3.STRIPE82-0091.052056",303.94113570572546,-0.8318492558212386,3.0579574,13,3.5900486,10.0,0,19.904854,18.68814,20.453218
H,"iDR3.HYDRA-0118.000187",161.17416113062097,-39.81807603743091,5.3405643,54,4.353576,12.0,2,19.285475,18.880062,20.023056
S,"iDR3.SPLUS-s21s22.000208",318.4351200795311,-27.61625697399496,6.61346,12,1.82,6.0,1,17.421368,17.208538,19.052319
H,"iDR3.HYDRA-0021.018612",150.31648554781435,-25.670183476761334,2.5550041,80,3.2937026,12.0,0,17.237627,17.198095,18.778519
H,"iDR3.HYDRA-0035.033179",157.01808849373546,-26.7325113454699,6.96823,97,4.2842607,12.0,2,18.04308,16.971039,19.13171
S,"iDR3.SPLUS-s28s35.039399",57.509130564336886,-35.8326311130568,5.054286,15,6.909794,12.0,0,20.354088,19.549965,20.875385
H,"iDR3.HYDRA-0163.052248",157.35242130447386,-47.61402751103381,2.3687208,11,2.6544101,12.0,0,19.38175,18.914822,20.226196
H,"iDR3.HYDRA-0036.051717",160.09994895059572,-25.944221356349157,5.349261,648,2.3697436,12.0,6,12.618952,12.254681,13.324976
H,"iDR3.HYDRA-0147.022621",156.37943171551407,-45.06578160065995,3.0930884,13,2.1937435,12.0,0,19.559654,18.904268,20.332964
S,"iDR3.STRIPE82-0116.031319",320.0164684140071,0.681203207622036,6.5251455,22,5.5252023,10.0,0,20.163893,19.52691,20.580986
H,"iDR3.HYDRA-0069.072570",152.6843764697024,-31.498430865038777,3.2168097,52,3.288677,11.0,2,17.995327,16.677002,18.929808
S,"iDR3.STRIPE82-0088.122005",301.0978215799018,1.1690236776307426,6.789717,19,4.920135,11.0,0,19.520988,18.940556,20.074743
S,"iDR3.SPLUS-n13s32.041673",193.96621629887355,-15.988729866184018,2.9180717,9,5.606752,12.0,0,20.648361,20.134802,20.981865
S,"iDR3.STRIPE82-0010.047733",5.794702286778074,1.406103939044776,4.194374,248,3.2369184,12.0,2,15.282297,14.961543,16.641548
S,"iDR3.STRIPE82-0106.060406",313.07600739671597,1.4036058927754294,4.643042,73,2.8859038,10.0,3,18.345295,17.654224,18.715656
H,"iDR3.HYDRA-0121.007936",150.36426265509746,-41.065510117550396,3.4707518,27,3.7659626,11.0,0,18.381985,18.200768,20.432076
H,"iDR3.HYDRA-0152.069911",151.82573425047684,-46.15034498507277,3.6292922,22,3.7357128,12.0,0,19.497055,18.23393,20.589989
S,"iDR3.SPLUS-n11s41.068773",205.48845310924332,-13.033715110540074,2.091906,40,0.0,12.0,3,16.714365,16.374456,19.30312
H,"iDR3.HYDRA-0114.003307",154.6713324591896,-39.75867105583593,4.052063,17,1.82,11.0,0,19.74358,19.023418,20.353123
H,"iDR3.HYDRA-0110.000109",163.1468311485558,-38.44762542248417,4.516941,38,3.869736,12.0,0,18.658712,17.963491,19.399994
S,"iDR3.SPLUS-s29s31.004460",51.824508481136085,-38.08781242098932,4.773123,36,4.124976,12.0,2,18.179632,17.327736,19.596472
S,"iDR3.SPLUS-n16s10.042938",164.89864692065544,-19.895980828646167,3.6046214,24,3.9314718,12.0,2,19.295345,18.652943,20.245426
S,"iDR3.STRIPE82-0095.000465",306.4236931426687,-1.3708953451029295,4.1426005,15,3.7123497,11.0,0,19.817734,19.039936,20.338879
H,"iDR3.HYDRA-0136.074577",164.1661499886443,-41.13029794023586,2.9083772,18,1.82,8.0,0,19.246464,18.082638,20.445955
S,"iDR3.SPLUS-n15s12.006795",165.9565453013735,-19.48303098308718,3.4143138,18,4.9992266,12.0,3,20.371477,19.50076,20.780756
S,"iDR3.SPLUS-s32s43.044670",316.13889326362374,-41.31680090947594,2.6473017,165,3.548641,12.0,2,16.485435,16.38835,19.539814
H,"iDR3.HYDRA-0097.053552",155.63551520246293,-36.10692505600672,3.827733,44,3.5864513,12.0,3,18.46465,17.78672,18.97594
S,"iDR3.SPLUS-n10s37.034860",201.45279121661528,-11.610508041620403,5.57681,113,4.7410407,12.0,0,18.044483,16.191204,18.921644
S,"iDR3.SPLUS-n08s38.007779",202.57544791378788,-10.061099281143985,6.171308,552,5.4768605,12.0,3,18.179132,16.631683,18.63451
S,"iDR3.STRIPE82-0099.000216",308.71568785901957,-1.3756199014350066,2.6644688,38,3.4571393,10.0,0,18.542192,18.297592,20.295422
S,"iDR3.STRIPE82-0131.088686",331.4438701132191,-0.0515485997197639,0.0,0,2.9810424,9.0,3,18.767878,18.21566,19.178291
H,"iDR3.HYDRA-0086.000006",149.98570338784987,-35.673153735262105,3.5039866,78,3.3147435,12.0,3,15.646077,15.6296015,17.574883
H,"iDR3.HYDRA-0141.003390",158.81235704715542,-43.873488644268186,4.913618,37,3.792041,12.0,2,18.498894,17.803543,19.293858
H,"iDR3.HYDRA-0160.098123",151.175481558165,-47.31676166970669,3.3205788,21,2.8875425,12.0,0,18.835142,18.375914,19.587523
S,"iDR3.SPLUS-n17s07.000215",159.75467689646442,-22.29141044512201,4.241661,193,2.7635868,12.0,0,14.954874,15.231749,19.699604
S,"iDR3.SPLUS-n15s17.046730",172.89437567103894,-18.208436773501376,2.9116886,14,3.6465387,12.0,0,20.230251,19.689537,20.542627
S,"iDR3.SPLUS-n18s14.055084",170.50747890578657,-22.40581366567755,5.019401,60,4.2579618,12.0,2,18.86314,17.718197,19.92621
S,"iDR3.SPLUS-n14s02.046961",151.33320686638874,-17.014160498775645,3.0731254,10,5.2928023,11.0,2,20.59708,20.074066,20.970606
H,"iDR3.HYDRA-0062.046290",156.26606979800349,-30.635398185393296,4.5333424,38,4.6172333,12.0,0,17.945883,17.700766,20.27419
H,"iDR3.HYDRA-0086.000385",151.2042251110183,-35.662840176543284,4.372042,41,4.19845,10.0,0,18.496742,17.9491,18.787739
S,"iDR3.STRIPE82-0131.041469",332.36471190897396,-0.6686601125078618,5.029144,23,1.82,12.0,0,19.519888,17.499144,20.428757
H,"iDR3.HYDRA-0069.084373",152.7171290639798,-31.499432358148674,4.5931196,62,2.5952535,12.0,2,18.141525,17.792059,19.151228
S,"iDR3.STRIPE82-0129.000327",330.2934595581163,-1.3716355828766573,6.9736104,125,2.474809,12.0,3,18.290745,17.762651,18.575296
S,"iDR3.STRIPE82-0085.015705",60.06204423774292,-0.9933700440480975,5.8283467,616,2.929927,12.0,0,15.504037,14.142957,17.557327
S,"iDR3.SPLUS-s19s23.021620",317.80422712593304,-24.57136224530977,2.2364705,41,3.6564116,12.0,2,18.414324,17.459164,19.908182
S,"iDR3.SPLUS-s26s50.028795",320.47279017798735,-33.754863540113156,3.9383857,19,5.878109,12.0,0,20.08757,19.56336,20.614542
H,"iDR3.HYDRA-0103.027272",149.76215179465476,-38.039617128121755,4.2875953,19,1.82,9.0,2,19.303339,19.072323,20.491997
S,"iDR3.STRIPE82-0061.047759",42.22020967186947,-0.34502876439944874,2.5409412,53,8.001971,12.0,3,20.165321,18.327484,20.750933
S,"iDR3.STRIPE82-0117.000340",321.7023103334203,-1.3712765862513248,4.484475,28,1.82,12.0,0,20.003809,17.705822,20.582458
S,"iDR3.SPLUS-n09s38.000044",201.2186674040103,-11.54791194856237,5.3020334,4,1.82,8.0,3,18.21185,18.533524,20.661098
S,"iDR3.SPLUS-n10s38.032218",202.49740011343826,-12.197517711097328,3.538663,54,5.9495587,12.0,2,19.206768,17.483494,19.958118
H,"iDR3.HYDRA-D-0003.023388",157.4099439878381,-36.465602795184395,2.5266755,342,2.9641695,11.0,3,17.103912,16.846928,19.640831
S,"iDR3.STRIPE82-0095.009756",306.7826580607502,-1.2428284291642158,3.480765,14,3.8938715,11.0,0,19.139175,18.734531,20.00452
S,"iDR3.STRIPE82-0009.064709",6.293812438051372,-0.039030855954169545,2.9461381,32,3.6000597,11.0,0,18.784103,18.33843,19.331934
S,"iDR3.STRIPE82-0160.001431",351.3306080429088,0.02582069257870232,3.7481322,852,2.8812387,12.0,2,13.650569,13.0615015,13.978353
S,"iDR3.SPLUS-s31s44.026340",317.0029779711126,-40.16208718631008,5.055963,53,3.129607,12.0,0,18.420586,18.114326,19.259686
S,"iDR3.SPLUS-s26s41.031556",65.02824515881092,-32.85555378019325,3.2591283,6,6.0534234,12.0,0,20.506042,19.755524,20.931683
H,"iDR3.HYDRA-0137.029733",149.10095208487328,-43.64294973842349,3.7327921,586,2.7797425,12.0,2,13.830495,13.520803,17.137306
H,"iDR3.HYDRA-D-0001.132432",158.28552240801693,-33.90187445311281,2.280571,25,1.82,8.0,0,18.570158,18.427723,19.754353
S,"iDR3.SPLUS-s23s21.059687",315.1712471950401,-28.869889728842818,6.395696,129,4.67546,12.0,3,18.288963,17.25395,18.834728
H,"iDR3.HYDRA-0103.000336",150.83321357311652,-38.41429873694168,4.8127246,148,3.2263708,12.0,0,16.011202,15.815117,17.691547
S,"iDR3.SPLUS-s29s36.034085",59.690802565282205,-37.28245753340851,3.2607732,20,3.9724617,12.0,0,19.76236,17.853773,20.850153
S,"iDR3.SPLUS-n15s02.031739",152.09244557889758,-18.855645526199307,3.813432,15,5.1287127,12.0,3,20.08524,19.142046,20.527422
H,"iDR3.HYDRA-0155.011583",157.86514050392827,-46.525508474788936,4.667578,12,5.1541076,11.0,0,20.143373,19.68286,20.709927
H,"iDR3.HYDRA-0165.095729",161.45762448641304,-47.24326482253396,1.7494494,8,4.315525,12.0,0,20.0794,19.67624,20.786934
S,"iDR3.SPLUS-n14s05.040853",155.35138973078116,-17.35180452632072,2.167984,16,4.4273195,12.0,3,19.885973,19.428625,20.617712
H,"iDR3.HYDRA-0069.072773",152.77837940084646,-31.490207222019478,3.8123047,61,3.0728838,10.0,0,19.29166,15.901106,20.063118
S,"iDR3.SPLUS-n11s41.018800",206.44252149492056,-13.92061545280537,2.479375,18,2.028527,12.0,0,19.076864,18.232996,20.426079
H,"iDR3.HYDRA-0064.058790",159.30148712477805,-30.104959715534267,4.479651,101,3.4859502,12.0,2,16.906168,16.258482,18.200993
H,"iDR3.HYDRA-0138.057868",152.3388977321178,-43.32801654411058,3.5998287,17,6.9662757,12.0,2,19.811907,18.335978,20.418453
H,"iDR3.HYDRA-0137.051512",149.09872315744735,-43.45483084836025,4.5569725,246,3.1220183,12.0,3,14.93093,14.966357,17.08957
H,"iDR3.HYDRA-0094.048867",165.40719441027971,-34.867606715839734,2.241325,37,4.174682,12.0,2,18.097658,18.068775,19.953243
S,"iDR3.SPLUS-n14s04.032195",154.40099823757333,-17.535628487907275,2.5165823,530,0.0,12.0,3,15.982226,15.865669,17.291481
H,"iDR3.HYDRA-0069.008022",151.72492172026872,-32.82408028493995,5.0474854,1856,2.2825706,12.0,6,12.078951,12.029504,14.828983
H,"iDR3.HYDRA-D-0001.006234",159.0274738218744,-35.31470268129857,4.173238,2760,2.0380635,12.0,6,12.121487,11.968616,15.326237
H,"iDR3.HYDRA-0071.021858",156.77080504158823,-32.560112159833395,2.639208,14,1.9309353,10.0,0,19.918118,19.341667,20.212978
S,"iDR3.SPLUS-s34s43.033280",316.38010230141634,-44.08160542584141,3.7422843,174,4.6683187,12.0,3,18.095053,17.713692,18.757965
S,"iDR3.SPLUS-n17s01.032374",150.78584556846346,-21.440884622598723,4.489175,39,4.4422174,12.0,0,19.162209,17.679432,19.664293
S,"iDR3.SPLUS-n03s27.019933",186.81823624008837,-2.929951922575227,3.0008855,49,3.4319563,12.0,2,18.32176,17.244205,19.740383
S,"iDR3.SPLUS-s28s36.000026",57.88896481579407,-36.90414856393459,2.7896006,27,3.9750292,7.0,0,18.944153,18.090796,19.479258
H,"iDR3.HYDRA-0155.100981",157.83910402368363,-45.64787657223866,6.404814,37,3.7876039,12.0,3,18.32241,17.665272,18.998108
S,"iDR3.SPLUS-s21s22.042879",318.4259223199058,-26.523973932156988,3.7945862,17,2.7709556,11.0,0,19.763351,19.121445,20.23338
H,"iDR3.HYDRA-0095.038481",150.34345612577488,-36.36023161905911,3.6258214,170,3.3070138,12.0,2,15.486588,15.673632,19.557419
S,"iDR3.SPLUS-s30s41.034491",68.10072582475581,-38.6335461956776,2.2203786,16,5.177378,12.0,0,20.089348,18.527515,20.601849
H,"iDR3.HYDRA-0077.016390",149.49789108084275,-34.054968514257155,2.4402833,61,3.3158453,10.0,3,17.232924,16.997065,18.30677
H,"iDR3.HYDRA-0062.045899",156.2665107881092,-30.652673063849697,2.486852,192,3.183583,12.0,3,15.136343,15.121442,18.399105
H,"iDR3.HYDRA-0066.033639",161.47441182224094,-30.849252934535546,2.225467,56,3.905923,12.0,3,15.446046,15.274875,16.622215
S,"iDR3.SPLUS-s26s48.075519",316.1942029373568,-32.84718047090613,5.835192,47,2.4422598,12.0,2,19.357803,18.227737,20.180994
H,"iDR3.HYDRA-0112.025956",149.15783754849198,-39.50576440346268,3.0832605,446,3.0400286,12.0,3,14.469095,14.327016,17.572014
H,"iDR3.HYDRA-0073.071195",158.42009007951165,-31.74543771286902,4.7649474,50,4.7691374,12.0,3,19.179161,17.748215,19.584959
S,"iDR3.SPLUS-n11s40.058627",204.25955482322905,-12.824546471127727,3.3381019,53,3.868363,11.0,2,18.414043,18.340528,19.922106
H,"iDR3.HYDRA-0047.074822",162.59373072652033,-27.368107736260534,3.3177302,84,3.0745206,12.0,2,18.066,17.392097,19.009293
H,"iDR3.HYDRA-0061.079386",153.93283834106816,-30.109797573552832,1.9420497,35,2.4002545,8.0,0,17.629055,16.975573,18.171074
S,"iDR3.SPLUS-s22s34.015036",336.2839708697898,-28.642961733211386,2.7371693,29,3.882945,12.0,3,18.880905,17.868258,20.391327
S,"iDR3.SPLUS-s34s43.000970",318.0648945051363,-44.75456755895427,4.9511294,39,4.1131124,12.0,2,19.637938,18.241665,20.185616
S,"iDR3.SPLUS-n14s04.035800",153.84169340720192,-17.446367703037293,4.5210743,20,4.262207,12.0,0,20.240246,18.975039,20.688694
S,"iDR3.SPLUS-n17s06.044598",158.52402304958179,-21.34788738599182,2.3987267,13,5.969729,12.0,0,20.059172,18.862812,20.505451
H,"iDR3.HYDRA-0037.059414",161.10861009086577,-25.951161716193315,2.1875525,49,2.9293022,8.0,0,17.13083,16.165821,17.719105
H,"iDR3.HYDRA-0094.045164",165.40928689230049,-34.94516761917783,3.5912535,912,2.4304984,12.0,6,13.024597,13.006303,20.71708
H,"iDR3.HYDRA-0149.119352",159.4709267970888,-43.86007773288828,4.5635595,64,4.198497,12.0,2,18.714005,17.662525,19.371456
H,"iDR3.HYDRA-0117.069238",160.0639019386787,-38.59419284655704,6.6530366,36,4.6830573,12.0,0,18.98309,18.782919,20.075792
H,"iDR3.HYDRA-0134.074408",159.39841191849118,-41.4592817859141,5.7095876,306,5.625958,12.0,3,17.972614,16.478287,18.384827
S,"iDR3.STRIPE82-0036.000602",24.11961493287005,0.026195752546741502,6.4139194,452,3.5415509,12.0,2,15.311876,14.188355,16.18441
S,"iDR3.SPLUS-s31s44.000034",316.0305917464601,-40.84765690927609,2.362371,46,4.387442,10.0,0,18.920376,18.30913,19.261581
S,"iDR3.SPLUS-s24s53.000002",321.5625805797768,-31.615376365575624,4.109275,32,3.7941556,12.0,0,18.575249,17.494518,19.892654
H,"iDR3.HYDRA-D-0001.030071",157.4131079789567,-35.043837246965616,4.674772,3911,1.9295652,12.0,6,11.817741,11.591657,18.794827
S,"iDR3.SPLUS-n18s16.012467",173.44708705543903,-23.350512504245973,2.860803,14,4.1573606,12.0,0,19.913906,19.226885,20.20852
H,"iDR3.HYDRA-D-0004.003138",157.0753827774953,-36.691805709090175,3.9487412,117,3.1662457,12.0,3,16.236221,15.110349,18.111818
S,"iDR3.STRIPE82-0121.000445",324.53663582536615,-1.3736253157838896,4.4558873,47,1.82,12.0,0,18.067465,17.581072,18.854132
S,"iDR3.SPLUS-n16s01.039654",150.45553281590728,-19.940589094414495,5.5817776,220,4.137564,12.0,3,18.373692,16.644115,18.933094
S,"iDR3.SPLUS-s24s14.005974",19.60660774712286,-31.399353927533895,6.4563856,14,5.5106015,12.0,3,20.393734,19.498718,20.761496
H,"iDR3.HYDRA-0046.035084",161.62048671080032,-28.15520843981378,2.4295864,369,0.0,12.0,3,16.60566,16.308926,18.1932
S,"iDR3.SPLUS-n02s24.008833",182.74331562989954,-1.8524462527304242,3.7607121,19,4.335831,11.0,0,19.331692,18.7905,19.840456
H,"iDR3.HYDRA-0141.025732",158.8065775802616,-43.61225611492889,3.6599813,61,3.1585083,12.0,3,17.547283,16.81459,18.173807
H,"iDR3.HYDRA-0142.100845",160.71061072765804,-42.831132384496996,2.0002108,13,3.1339953,12.0,0,19.56293,19.12912,20.553814
S,"iDR3.STRIPE82-0020.047343",12.14637949210302,1.0509885693606407,4.7916894,25,6.084775,12.0,0,20.257011,19.688423,20.974485
H,"iDR3.HYDRA-0099.028003",159.1180503599658,-36.59876282039385,6.022701,47,2.9402587,12.0,2,19.18472,18.265059,20.171783
H,"iDR3.HYDRA-0137.152409",150.04403590717658,-42.47967038356912,5.7388077,366,4.4799767,12.0,3,17.64228,17.116955,18.257292
S,"iDR3.SPLUS-n13s07.001405",158.52840956441412,-16.892213111608424,5.563071,26,5.129058,12.0,0,19.995829,18.375883,20.441904
S,"iDR3.SPLUS-n03s21.047367",177.88896201644386,-2.3727022231183543,3.3682604,541,3.876519,12.0,3,17.316862,15.446701,18.08395
H,"iDR3.HYDRA-0060.064019",152.2423386574837,-30.14090150982303,5.0144086,22,1.82,12.0,2,19.571999,19.16179,20.210354
S,"iDR3.SPLUS-n16s12.056594",166.8052119589077,-19.822472037937665,5.7108912,99,4.2873325,12.0,3,18.598967,17.175598,19.035454
H,"iDR3.HYDRA-D-0001.039852",157.4120863315039,-34.90442344373757,2.235861,969,2.5703835,12.0,2,13.993433,13.980807,15.729792
H,"iDR3.HYDRA-D-0003.054153",157.4066514130115,-36.097477899578195,2.7019954,56,1.9377016,8.0,3,19.05888,18.694023,19.777576
S,"iDR3.SPLUS-s22s15.027108",21.455380574897077,-28.162097768619763,3.0574543,13,5.89639,12.0,0,20.392492,19.064775,20.935595
S,"iDR3.SPLUS-n13s07.000228",159.3341417353601,-16.925025206677073,3.0042965,21,3.3424332,12.0,0,19.391693,18.930143,20.216934
H,"iDR3.HYDRA-0093.031829",161.91055073565602,-35.210061468610334,1.8495064,93,3.083991,11.0,2,16.586792,16.457243,19.761528
S,"iDR3.SPLUS-n12s36.037222",201.03658613768138,-14.610930357652853,3.957439,38,4.3981023,12.0,0,18.887388,18.23755,19.264828
H,"iDR3.HYDRA-0149.118794",159.13859477095005,-43.862139008850626,5.898623,46,3.8651989,11.0,2,18.667149,17.5307,19.396503
H,"iDR3.HYDRA-0012.062510",153.0624222380839,-23.254182223611593,6.0643115,25,2.1154742,11.0,0,19.928417,17.932648,20.69402
S,"iDR3.SPLUS-s29s34.057247",56.393779746262815,-37.11760710785724,4.098396,16,3.6667256,12.0,0,20.549366,19.58898,20.969345
H,"iDR3.HYDRA-0139.098077",154.93781480403348,-42.757680781101506,6.222791,99,3.7542114,12.0,2,17.529655,17.098663,18.221992
S,"iDR3.SPLUS-s17s23.012702",317.20739825529853,-22.049834069389064,2.562087,24,4.016448,12.0,0,19.398785,19.002836,20.012934
H,"iDR3.HYDRA-0118.000274",161.35774364381328,-39.8162026589273,4.0842433,20,4.4604115,12.0,0,19.876081,19.45118,20.406736
S,"iDR3.STRIPE82-0013.035932",7.916972348060869,-0.5040753808569185,1.0417719,6,1.82,7.0,0,17.785933,16.987886,20.462032
S,"iDR3.SPLUS-n03n01.044529",151.494198874988,2.98683485363518,4.1115522,36,3.7445848,12.0,0,18.601645,18.067333,19.140133
H,"iDR3.HYDRA-0067.048684",164.44320867517322,-30.715305703436048,6.533116,15,3.8238134,12.0,3,19.385468,19.186514,20.601538
S,"iDR3.STRIPE82-0133.046310",333.6920538697843,0.003997383261507158,2.8054178,29,3.4082417,12.0,2,18.350117,17.914062,18.886799
S,"iDR3.SPLUS-s28s32.009762",52.535928707904795,-36.704388474125,4.0319905,55,1.82,12.0,0,18.160381,15.811881,18.928667
H,"iDR3.HYDRA-0156.006641",159.87675494493786,-46.564657537072684,6.37534,24,4.302822,12.0,3,19.084301,17.831966,20.373142
S,"iDR3.STRIPE82-0130.033159",330.18859162143974,1.4427121780449559,6.659584,54,2.8771129,12.0,0,18.712675,18.052814,19.19795
H,"iDR3.HYDRA-0063.060251",157.26596204452088,-30.49880504523656,2.7495775,30,5.5631623,12.0,3,19.644005,18.915497,19.981028
S,"iDR3.SPLUS-s32s43.039240",316.1410561269261,-41.406278151466964,2.598655,42,4.5921297,12.0,0,18.867222,18.823486,20.675356
H,"iDR3.HYDRA-0088.080177",154.72285885729622,-34.53892099406186,2.496809,17,4.015769,12.0,3,19.839756,18.172556,20.709324
H,"iDR3.HYDRA-D-0001.124046",159.0420721965171,-33.8928018726414,2.672416,52,2.7940304,11.0,0,18.178967,17.944288,20.413073
H,"iDR3.HYDRA-0102.026260",162.515650041078,-36.574052854141335,2.5206766,359,2.9090388,12.0,2,14.420264,14.446844,16.423717
S,"iDR3.STRIPE82-0099.000986",309.378260791061,-1.3673212874454577,2.6484692,49,3.3658414,12.0,0,18.193773,18.024244,19.965689
H,"iDR3.HYDRA-0114.011525",154.6692001582799,-39.6365392205941,3.6700222,78,3.6199863,12.0,2,17.687473,16.718931,18.465279
S,"iDR3.STRIPE82-0041.051277",28.668522834414734,-0.11212487241337153,5.1964183,26,6.1194477,12.0,0,20.039076,18.835674,20.801004
H,"iDR3.HYDRA-0122.097298",154.03341374311276,-39.99199791104936,6.498203,93,5.0014195,12.0,3,19.25637,17.96551,19.733355
H,"iDR3.HYDRA-0097.016974",155.6495229898173,-36.76197607667518,3.6768057,55,3.7885456,12.0,0,18.464119,17.889732,18.792011
H,"iDR3.HYDRA-0029.046523",163.3544777715607,-24.963423207760286,2.7006574,12,4.892173,12.0,0,20.586918,19.68757,20.976603
H,"iDR3.HYDRA-0103.085662",151.05256539593745,-36.998541287875604,4.9419947,54,1.82,11.0,0,19.190826,18.684296,20.984241
H,"iDR3.HYDRA-0084.007638",161.48226670092507,-34.1757868513465,3.3039515,9,5.913975,10.0,0,20.612558,19.94991,20.939505
S,"iDR3.STRIPE82-0090.164743",302.1077850847344,1.4412749015686386,2.1312945,9,1.82,9.0,2,20.130611,19.60171,20.633717
S,"iDR3.STRIPE82-0076.041290",53.14872293805281,1.1307404301546549,3.1031308,19,3.9646935,11.0,0,19.531982,18.396664,20.934706
S,"iDR3.SPLUS-s27s43.019109",68.59301627996459,-35.02425304000783,4.2777724,16,6.4702754,12.0,0,20.495941,19.91256,20.89875
H,"iDR3.HYDRA-0128.044340",165.2065914097288,-40.53613360715811,3.1268709,23,4.715485,12.0,2,19.416595,18.692083,20.424717
S,"iDR3.SPLUS-s26s15.039481",22.94171261222068,-33.123013348958494,3.7934444,13,8.561,12.0,2,20.116938,18.730185,20.97953
S,"iDR3.SPLUS-n03s19.045911",175.8722971552406,-2.0555300405054746,2.9795055,10,2.7188363,11.0,0,20.664461,19.961205,20.982096
S,"iDR3.SPLUS-s29s44.000059",72.82492579205852,-38.22045935423106,4.4014616,41,5.1877427,12.0,0,19.507502,18.253897,20.048306
S,"iDR3.SPLUS-s24s15.028978",21.359334752178796,-30.742435844021443,3.555199,26,4.481327,12.0,0,19.569538,18.461197,20.035675
S,"iDR3.SPLUS-s28s38.000046",61.28870521582715,-36.90349995111767,2.051836,21,3.9837334,9.0,0,19.473717,18.806955,20.33697
S,"iDR3.STRIPE82-0144.035938",339.9170471997488,0.9433648189988765,4.2693653,28,5.2596674,12.0,0,20.01186,18.536985,20.436298
H,"iDR3.HYDRA-0051.002911",154.1718422991151,-30.101331728951944,5.8298845,15,4.476102,10.0,0,19.684427,19.015919,20.521576
S,"iDR3.SPLUS-n05s03.014260",153.43574708010368,-5.843879434448935,4.136094,122,3.121953,12.0,2,16.487488,15.928144,17.586796
S,"iDR3.STRIPE82-0099.013037",309.11226024382256,-1.2192230941403257,2.9247055,217,3.348376,12.0,0,17.170467,16.094376,17.816248
H,"iDR3.HYDRA-D-0003.003926",158.85632105134314,-36.69237780621297,3.1923516,1782,2.4908776,12.0,7,12.1812105,12.0928955,13.748557
S,"iDR3.STRIPE82-0119.049314",323.4643830637324,-0.5911801517376837,5.5965037,27,5.1230545,12.0,0,20.37788,18.754982,20.852962
H,"iDR3.HYDRA-0057.003463",163.85685963775933,-30.106871587251252,4.5166283,70,3.466374,12.0,2,18.754704,18.150753,19.145103
H,"iDR3.HYDRA-0162.014808",155.30800173233487,-47.860427833313494,4.433694,15,2.584097,12.0,0,20.098461,19.207272,20.894464
S,"iDR3.STRIPE82-0116.051020",319.9102276591883,1.432156826417286,5.1215754,70,2.5008972,11.0,2,18.053873,17.574408,18.47011
H,"iDR3.HYDRA-0050.014009",150.8633898417899,-29.921895348334015,2.7917113,88,3.54419,12.0,2,16.92386,16.59013,20.712357
H,"iDR3.HYDRA-0135.069910",161.2720075661048,-41.67405607050589,2.2354963,15,2.704092,12.0,0,19.887894,19.219578,20.24392
S,"iDR3.SPLUS-s24s69.010693",348.23866129473436,-31.34911035441254,4.776338,47,4.2126875,12.0,2,18.49868,17.657677,19.667286
H,"iDR3.HYDRA-0086.000101",150.3281186076152,-35.672643976049294,4.11112,242,3.080123,12.0,2,14.670212,14.414506,20.215555
S,"iDR3.STRIPE82-0159.019049",351.0847562454346,-0.10695578184817373,5.605859,45,6.811885,12.0,0,18.573082,16.795677,19.362875
S,"iDR3.SPLUS-s29s44.009421",73.06060239400423,-37.9919065152491,3.8456674,15,4.4458575,12.0,0,20.274757,19.01905,20.790928
S,"iDR3.STRIPE82-0132.019737",332.36516896581617,0.37599450288309955,5.7356915,33,3.960684,12.0,2,19.383331,18.856804,20.125116
H,"iDR3.HYDRA-0164.009082",159.41836338488045,-47.90958735478752,6.6497126,14,3.4437633,12.0,3,20.045727,19.00994,20.821701
H,"iDR3.HYDRA-0102.075028",163.37295902057727,-35.6370885272387,2.3156111,45,1.82,9.0,2,18.868397,18.347115,19.249493
H,"iDR3.HYDRA-0132.016844",157.36825067508548,-42.35432860172816,5.0097513,40,2.9171724,12.0,2,20.126347,18.843264,20.719439
S,"iDR3.STRIPE82-0108.068402",315.27038588838445,1.265613970234888,4.804822,19,3.9627874,11.0,0,19.364998,18.643415,20.01765
S,"iDR3.SPLUS-n02s27.028962",186.55515575396555,-1.3050604270173294,6.5369034,417,6.8211136,12.0,3,18.537611,16.982473,19.096718
H,"iDR3.HYDRA-0103.030718",149.7618112507842,-37.99229277590795,2.927684,30,2.86535,10.0,0,18.427343,18.22019,19.822205
S,"iDR3.SPLUS-n01s26.012257",185.1262278328599,-0.4489898505732815,6.960943,26,6.8909535,12.0,3,20.2881,18.93195,20.741571
S,"iDR3.SPLUS-n12s33.033744",195.85333719778333,-14.768012017147683,3.3639102,138,4.640215,12.0,3,18.991581,17.193714,19.597466
H,"iDR3.HYDRA-0058.054637",164.34141445315473,-29.28238239747756,1.8603243,412,0.0,12.0,3,16.961401,16.808567,18.304214
S,"iDR3.SPLUS-s28s35.043927",57.5003098460388,-35.519698395226584,3.5553887,27,4.2262955,12.0,0,19.04679,18.540539,19.733932
H,"iDR3.HYDRA-D-0001.048636",157.41203038598908,-34.80732452435069,2.1386948,125,2.9425435,12.0,3,17.391844,17.324194,19.262957
H,"iDR3.HYDRA-0162.055621",155.29918110117555,-47.552547726556845,6.113979,33,4.5439386,12.0,3,19.5237,18.066525,20.330835
S,"iDR3.SPLUS-s33s06.005631",9.3334998428977,-43.28679289061124,6.3242135,17,4.332612,12.0,0,20.009823,18.152328,20.89558
H,"iDR3.HYDRA-0021.074177",151.0744995610249,-24.57100113320295,4.503039,46,2.1327283,10.0,0,18.273508,17.462822,19.112164
H,"iDR3.HYDRA-0069.032811",151.71131614840397,-32.41251728046461,3.1235285,1094,2.6128113,12.0,2,13.340711,12.934428,15.979555
S,"iDR3.SPLUS-s31s44.000001",315.19173400434465,-40.84660194203089,6.46468,102,4.2013216,9.0,0,19.312408,17.034546,19.899925
S,"iDR3.SPLUS-n16s17.029996",174.45820819375535,-20.1269725960127,2.751398,24,4.0770693,12.0,0,18.900557,18.25409,19.217129
H,"iDR3.HYDRA-D-0003.053639",157.40586748371354,-36.11017334392303,2.3187153,246,3.023653,11.0,2,16.263512,16.225204,20.747055
S,"iDR3.STRIPE82-0119.064458",323.85666272973185,-0.31861735573711725,6.785734,66,3.9013157,12.0,3,19.584953,18.525383,20.037392
S,"iDR3.SPLUS-n19s01.000682",165.5741843821793,-24.945324779862712,5.1228533,12,4.1682987,12.0,3,20.192636,18.96909,20.678684
S,"iDR3.SPLUS-s22s24.018633",320.9622015584057,-28.51448782520718,4.4427752,83,4.1437154,12.0,2,18.24944,17.181458,19.281132
S,"iDR3.SPLUS-s17s30.014841",327.3723686059991,-21.949090934407824,3.0711234,21,4.3845425,11.0,0,19.678318,18.17249,20.278912
S,"iDR3.SPLUS-s17s23.018737",317.2065219317209,-21.944508345114297,4.3877316,329,4.6247354,12.0,3,17.507875,16.862028,18.490719
H,"iDR3.HYDRA-0099.062792",159.10437619393088,-35.99111679823401,5.4964933,75,3.594205,12.0,2,18.110397,17.423891,18.759506
S,"iDR3.STRIPE82-0023.000202",15.576103042117891,-1.3737349639868217,4.6966667,56,2.3586364,8.0,2,18.810024,18.355103,19.39244
H,"iDR3.HYDRA-D-0001.000002",157.57346048368717,-35.34552227739589,3.1415033,33,2.034218,11.0,0,19.14329,18.279373,19.81524
H,"iDR3.HYDRA-0137.148998",150.1812178573038,-42.47799244012098,2.1566205,20,1.82,7.0,0,18.663582,18.551575,20.088959
S,"iDR3.SPLUS-n12s33.007825",196.84091911204848,-15.407643116570899,3.1253655,30,2.5019712,12.0,0,18.96418,18.208643,19.32773
H,"iDR3.HYDRA-0148.040784",158.33873911069662,-44.810815108805805,4.409065,9,2.5116131,12.0,0,20.483185,19.930758,20.919573
S,"iDR3.SPLUS-s21s22.041739",318.42540268782403,-26.497227450489703,4.4697824,85,3.5208843,12.0,2,17.545101,16.758213,18.17821
S,"iDR3.SPLUS-n12s27.041703",187.152690295965,-14.574987744714058,2.9084368,7,2.4010422,11.0,0,20.473948,19.538952,20.81075
S,"iDR3.SPLUS-n12s35.014673",199.6383984853757,-15.213208704360865,3.053206,33,4.1536355,12.0,3,18.483492,17.527447,19.712074
H,"iDR3.HYDRA-0072.009419",158.42768010902918,-32.72912328849959,5.9979057,21,1.82,11.0,0,20.161364,19.521751,20.676006
S,"iDR3.SPLUS-n10s38.064523",201.4528190508685,-11.610542402646047,3.4219198,85,4.1361403,12.0,2,18.122738,16.192226,18.949883
