ID,RA,DEC
"iDR3.SPLUS-n08s38.032224",202.69644814920034,-9.404781810879024
"iDR3.SPLUS-s20s35.031802",335.3749339357301,-25.38194285939862
"iDR3.SPLUS-n11s01.041473",149.86750379524292,-13.252131750691166
"iDR3.HYDRA-0048.036892",163.18920507877073,-28.08168034712678
"iDR3.SPLUS-s03s01.008704",325.3889979526399,-3.2406378430303344
"iDR3.SPLUS-n16s11.031916",165.0198883039752,-20.164692680513582
"iDR3.HYDRA-0061.077544",153.4702520289938,-30.11950266626276
"iDR3.SPLUS-n14s01.040345",150.96395692162002,-17.150617465968892
"iDR3.HYDRA-0104.079278",152.3753520998562,-37.03252891504635
"iDR3.HYDRA-0104.044054",151.60526797652437,-37.802311781549434
"iDR3.SPLUS-n05n50.007732",217.52949791818708,4.8643528621342185
"iDR3.SPLUS-n02n19.026183",174.75578476142175,1.3382478314723678
"iDR3.SPLUS-n14s14.006018",169.39803780151604,-18.139146400575363
"iDR3.SPLUS-n02n28.033705",186.9424382125147,1.6010802406287115
"iDR3.HYDRA-0011.075548",150.44330135993783,-23.173862289410675
"iDR3.HYDRA-0069.012270",151.71667551521224,-32.75898223958493
"iDR3.HYDRA-0048.074383",164.05297648464912,-27.340493477803786
"iDR3.HYDRA-0151.000165",163.13488234779288,-45.27905175450667
"iDR3.SPLUS-n02n19.019328",175.95021538229904,1.1350952392512657
"iDR3.HYDRA-D-0001.134024",157.9802219963947,-33.90828731046859
"iDR3.STRIPE82-0007.023673",3.6199743565125737,-0.7455029176005269
"iDR3.SPLUS-n19s01.006916",164.25184149386763,-24.798683830436467
"iDR3.SPLUS-n15s20.046032",176.9692875413315,-18.199593460927137
"iDR3.HYDRA-0037.021298",160.18522298683968,-26.908199760912332
"iDR3.HYDRA-0077.000664",150.69286744299933,-34.28577539761965
"iDR3.HYDRA-0136.042939",163.00745026863922,-41.892170553131315
"iDR3.SPLUS-s24s61.017859",334.16969990165353,-31.240107171328066
"iDR3.HYDRA-0052.018558",154.08925296635758,-29.85986890487721
"iDR3.SPLUS-n02s37.046364",199.4331632480484,-1.000304791159635
"iDR3.HYDRA-0106.040045",156.9261644241479,-37.682411356469395
"iDR3.HYDRA-0117.044221",160.07580629662584,-39.02361825020224
"iDR3.HYDRA-0140.073990",156.85762487962052,-42.741802321381485
"iDR3.HYDRA-0117.018614",160.08655053457562,-39.49945999374784
"iDR3.HYDRA-0031.014285",150.71541636257092,-27.097893479749743
"iDR3.STRIPE82-0024.000821",15.562046771477473,0.030255531274372773
"iDR3.HYDRA-0013.048992",154.60806176511605,-23.671327441386886
"iDR3.HYDRA-0077.074068",149.48358738891747,-33.1786172313488
"iDR3.HYDRA-0096.000007",152.42477533218374,-37.072283320428525
"iDR3.HYDRA-0121.038210",150.36955277935004,-40.70523659502966
"iDR3.SPLUS-n11s03.019847",152.78760079527692,-13.775264641130967
"iDR3.HYDRA-0148.050363",158.33596413024327,-44.70483133437549
"iDR3.HYDRA-0014.002392",156.15271326415757,-24.57046234799539
"iDR3.SPLUS-n16s01.000509",150.80331114785088,-20.942158262912596
"iDR3.STRIPE82-0106.020286",313.94015496296885,0.380904458015274
"iDR3.SPLUS-n18s20.057259",178.1002986574552,-22.455001233857036
"iDR3.SPLUS-s02s08.040033",334.89283243504946,-1.071376767124696
"iDR3.SPLUS-n07s01.014743",151.28286671900932,-8.512947035164837
"iDR3.SPLUS-n16s10.014423",164.90823379364934,-20.61102919684325
"iDR3.HYDRA-D-0002.000032",156.1366542698264,-35.34266792428269
"iDR3.STRIPE82-0164.030228",354.400936509474,0.598658560618909
"iDR3.SPLUS-s23s33.051468",334.1253072836468,-29.01480498338059
"iDR3.STRIPE82-0099.000188",308.37760318468224,-1.3783601666587044
"iDR3.HYDRA-0102.075251",163.29524183797864,-35.63839883541829
"iDR3.HYDRA-0156.038421",159.86813932922573,-46.23380179974603
"iDR3.STRIPE82-0095.052984",306.7773939711684,-0.6357219920781817
"iDR3.STRIPE82-0112.023499",318.19224881157754,0.4463619066385694
"iDR3.STRIPE82-0141.018587",338.3061798828739,-0.9200969942086774
"iDR3.HYDRA-0137.070629",149.09749391975734,-43.2873610299356
"iDR3.HYDRA-0062.000195",155.7551497192617,-31.55286030408309
"iDR3.SPLUS-n12s33.017983",196.83914215041287,-15.158043702089627
"iDR3.HYDRA-0153.109598",153.8227007784095,-45.714538397348576
"iDR3.STRIPE82-0112.020655",318.1924501945227,0.3899566703291452
"iDR3.SPLUS-s03s01.021440",325.3880970682759,-2.9619419755199896
"iDR3.HYDRA-0124.075917",157.81345348707177,-40.15591393329525
"iDR3.HYDRA-0111.041295",163.9437609168157,-37.75974882908552
"iDR3.SPLUS-s22s33.000004",333.1803925715979,-28.96076557311981
"iDR3.SPLUS-n08s01.001524",151.23671407717939,-10.159438711697545
"iDR3.HYDRA-0053.019390",155.77526919541657,-29.784186871770604
"iDR3.HYDRA-0081.037886",158.01332462581152,-33.510635765432745
"iDR3.STRIPE82-0026.050711",17.242995026203268,1.3925796570239284
"iDR3.HYDRA-0121.055452",150.3682932785934,-40.49026205178558
"iDR3.HYDRA-0129.023475",149.7478475336096,-42.26769266946458
"iDR3.HYDRA-0145.017924",152.45026906210012,-45.13321954408437
"iDR3.HYDRA-D-0003.041544",157.41173439876025,-36.26150065236285
"iDR3.SPLUS-s26s38.037434",58.90008134441035,-33.2107124545388
"iDR3.SPLUS-s29s48.053120",320.1024315448749,-37.035562171048795
"iDR3.STRIPE82-0027.023036",18.89077699675322,-0.8587455347938298
"iDR3.HYDRA-0137.030974",149.10011178767613,-43.62971062532127
"iDR3.HYDRA-0056.040679",160.54333807171315,-29.445198858507165
"iDR3.STRIPE82-0090.164954",301.96020881354997,1.4357992517420628
"iDR3.SPLUS-n03s18.007209",174.59468300063068,-3.255086112535046
"iDR3.STRIPE82-0169.030158",357.8153294830434,-5.8998646198314144E-5
"iDR3.SPLUS-n13s04.008548",155.42092207372565,-16.737509537070316
"iDR3.HYDRA-0011.073820",150.8823454180836,-23.16851954277631
"iDR3.SPLUS-n17s17.012781",174.94789071139556,-21.955696720076112
"iDR3.STRIPE82-0112.031119",318.1915872626275,0.6022337565807521
"iDR3.SPLUS-n09s38.000058",201.21639844747187,-11.54784421395066
"iDR3.SPLUS-s26s12.024278",18.395545963646896,-33.50064042373719
"iDR3.HYDRA-0121.070101",150.35869092036918,-40.31411641152211
"iDR3.SPLUS-n16s15.043877",172.10262014941057,-20.03071315120004
"iDR3.HYDRA-0051.028758",153.58989696083984,-29.49495910126087
"iDR3.SPLUS-n15s21.016839",178.05431943383525,-19.209141541172368
"iDR3.HYDRA-0084.059170",162.79818641175822,-32.89480133556277
"iDR3.HYDRA-0129.024115",149.74265674434176,-42.26113234618966
"iDR3.HYDRA-0026.018365",159.73480460089112,-25.631021464706063
"iDR3.SPLUS-s25s09.043816",11.994479645329305,-31.97850191723796
"iDR3.HYDRA-D-0001.063377",157.41004420914481,-34.644940940472445
"iDR3.SPLUS-n16s02.005530",153.38977537009552,-20.760159574720795
"iDR3.HYDRA-0061.075257",154.08864092816754,-30.10785283023747
"iDR3.HYDRA-0069.085456",151.91113039164756,-31.500154416102355
"iDR3.HYDRA-0137.060186",149.0991717471123,-43.37617081439304
"iDR3.STRIPE82-0091.009936",303.9444563106612,-1.276610122552743
"iDR3.STRIPE82-0011.044959",7.792082121296877,-0.26257457705527415
"iDR3.STRIPE82-0076.006124",53.15637348569088,0.13944302553720572
"iDR3.STRIPE82-0089.066914",302.5212708715713,-0.6631487360802586
"iDR3.HYDRA-0026.052331",158.85933642579576,-24.753136157195524
"iDR3.HYDRA-0121.086310",150.35825871223687,-40.101886131816514
"iDR3.SPLUS-n02s27.030508",186.59798824693982,-1.2522238258898684
"iDR3.STRIPE82-0081.000469",56.74434733851235,-1.373460888074831
"iDR3.SPLUS-s17s23.010277",317.2079549840881,-22.096342364756048
"iDR3.SPLUS-n17s02.027149",151.8708726412487,-21.7250381049027
"iDR3.HYDRA-0131.106632",155.4614110165094,-41.3295727861573
"iDR3.STRIPE82-0092.007511",303.4123859899806,0.10847320576169187
"iDR3.HYDRA-0129.047481",149.7425383099921,-42.02832263651119
"iDR3.SPLUS-n12s02.043088",152.7586596162104,-14.676904418251612
"iDR3.HYDRA-0158.015093",163.89722028194223,-46.50784450488018
"iDR3.SPLUS-s25s45.006279",70.43547151856541,-32.71316846642457
"iDR3.SPLUS-n07s43.015179",208.77190793029135,-8.503259268717619
"iDR3.SPLUS-s22s32.025553",333.2185453116102,-28.435676734957944
"iDR3.HYDRA-0138.069944",153.02509389224338,-43.19618212622167
"iDR3.SPLUS-n11s41.000265",205.9829614940105,-14.235630085488037
"iDR3.SPLUS-n05s03.042012",153.31066930355348,-5.210167217872532
"iDR3.SPLUS-n18s15.021466",171.72969744006403,-23.115863521274214
"iDR3.HYDRA-0121.026089",150.37090341999115,-40.8519484846524
"iDR3.HYDRA-0137.035294",149.09973346603618,-43.58932373213561
"iDR3.HYDRA-0066.013836",162.81698797600112,-31.270939296002755
"iDR3.HYDRA-0117.036794",160.0795511904486,-39.17932981709585
"iDR3.HYDRA-0163.022292",157.35858005537395,-47.82882047721658
"iDR3.SPLUS-n11s39.055025",203.00564059185757,-13.098948286766191
"iDR3.SPLUS-n10s35.037236",198.5143258035405,-11.93240713572166
"iDR3.HYDRA-0055.103087",159.71572526234496,-28.73551290526178
"iDR3.SPLUS-s26s44.000936",70.25948809877283,-34.22704098131671
"iDR3.SPLUS-n09s38.000059",201.245569648305,-11.547789505317613
"iDR3.SPLUS-n14s33.033280",195.38889023732077,-17.402163487986787
"iDR3.HYDRA-0098.052576",157.3761036000454,-36.216253723376845
"iDR3.HYDRA-0121.056916",150.36823910881648,-40.48342608618111
"iDR3.SPLUS-s27s34.029847",55.08871476251146,-34.65158064066873
"iDR3.HYDRA-0107.039834",158.69666579164382,-37.59887673758166
"iDR3.HYDRA-0064.056844",158.91174473479245,-30.109512113217335
"iDR3.HYDRA-0143.077982",162.45251172981352,-42.9691171043318
"iDR3.HYDRA-D-0002.000010",156.04765963243705,-35.34263800259103
"iDR3.SPLUS-s29s46.072842",316.47319569385303,-37.14456181858315
"iDR3.SPLUS-s31s44.000221",316.90733897290426,-40.83860097310526
"iDR3.SPLUS-n15s20.042930",177.11120124325876,-18.50628940436583
"iDR3.HYDRA-0145.049153",152.4442356202359,-44.89376161920983
"iDR3.HYDRA-0137.149222",149.95887794905747,-42.48146869819253
"iDR3.HYDRA-0156.002588",159.87758276927772,-46.606048036816254
"iDR3.SPLUS-n11s41.068773",205.48845310924332,-13.033715110540074
"iDR3.STRIPE82-0089.132743",302.5138157034115,-0.10884798671702747
"iDR3.HYDRA-0152.142322",151.80873190391839,-45.62252366966431
"iDR3.HYDRA-0152.147333",151.8073884426182,-45.58832980669175
"iDR3.HYDRA-0093.073006",161.98245401935384,-34.59259737461205
"iDR3.HYDRA-0123.027563",155.9892590457165,-40.82734842411913
"iDR3.HYDRA-0033.054699",154.60886952514295,-26.49148368874366
"iDR3.HYDRA-0011.066566",150.32352457772527,-23.175435217832618
"iDR3.SPLUS-n13s32.026048",193.6363035969289,-16.351049269931643
"iDR3.HYDRA-0104.042425",151.5965106312249,-37.815402767820906
"iDR3.HYDRA-0021.020613",150.31617486234467,-25.645810536763108
"iDR3.HYDRA-0019.029812",163.83599049154864,-23.907370522698766
"iDR3.HYDRA-0060.074697",152.29597082811318,-30.13967001641207
"iDR3.STRIPE82-0003.038114",1.6665698868686651,0.04747741129990639
"iDR3.HYDRA-0031.028960",150.7130587849153,-26.807805925702517
"iDR3.SPLUS-n09s38.000044",201.2186674040103,-11.54791194856237
"iDR3.HYDRA-0061.031554",152.9146815510329,-31.04863057531803
"iDR3.STRIPE82-0099.000383",308.90848172898063,-1.3735948611427486
"iDR3.HYDRA-0064.004120",157.83359037194498,-31.48948188875421
"iDR3.SPLUS-s35s45.004701",324.17263982387533,-45.94398173486011
"iDR3.HYDRA-0021.025088",150.31440773830957,-25.56279916973636
"iDR3.HYDRA-0141.081421",158.78923479168898,-42.972255574879775
"iDR3.HYDRA-0025.013889",158.17960341113331,-25.702720230940297
"iDR3.SPLUS-s28s48.000069",316.9019229355131,-36.90285533130202
"iDR3.STRIPE82-0040.011675",27.444657474694633,0.2501617694797464
"iDR3.HYDRA-0084.002539",161.3883037633281,-34.27336354025546
"iDR3.HYDRA-0022.039642",153.50031373306143,-25.241267716050874
"iDR3.SPLUS-n13s07.000014",158.33844599846074,-16.932210919156283
"iDR3.SPLUS-n14s07.053216",158.52844022099433,-16.89226685415695
"iDR3.HYDRA-0039.013171",163.3449876475051,-27.139992963223488
"iDR3.HYDRA-0084.016876",161.39423005856654,-33.99339436443023
"iDR3.HYDRA-0134.072975",159.40977580651818,-41.46984809918167
"iDR3.SPLUS-s28s34.024155",55.85647335502862,-36.07003636635247
"iDR3.SPLUS-s17s30.051911",326.923436863409,-21.013377356796166
"iDR3.HYDRA-0070.034110",153.36874604436503,-32.237889914536076
"iDR3.HYDRA-D-0002.014891",155.80921890870118,-35.11718732528404
"iDR3.STRIPE82-0109.000928",316.57981083001687,-1.3677692123596028
"iDR3.SPLUS-s23s21.007728",314.5268677152485,-30.138358200406397
"iDR3.STRIPE82-0095.000023",305.65565662012915,-1.379255301426233
"iDR3.HYDRA-0011.073716",151.02535350205395,-23.166713931002704
"iDR3.HYDRA-0086.075025",150.52308034709242,-34.256507140933074
"iDR3.HYDRA-0156.022652",159.87249222893143,-46.40274961993336
"iDR3.SPLUS-n12s28.023113",189.2429513667166,-14.863335249139748
"iDR3.HYDRA-0118.000121",161.0177974465539,-39.819466947231554
"iDR3.HYDRA-0055.029299",158.93535787795608,-29.789628509444547
"iDR3.SPLUS-s25s45.023355",70.90506597528633,-32.10941199742046
"iDR3.HYDRA-0111.075690",164.81458381448007,-37.01159148585931
"iDR3.HYDRA-0121.007274",150.36431382690853,-41.073189326543975
"iDR3.SPLUS-s27s47.000284",316.4120535567434,-35.57462618104087
"iDR3.SPLUS-n03s25.014998",183.43415830944113,-3.0591089411962344
"iDR3.SPLUS-n15s05.030293",156.1922208795262,-18.642300862355984
"iDR3.SPLUS-s23s21.012345",315.81034688313594,-30.04078872053611
"iDR3.STRIPE82-0009.004207",5.591884072268045,-1.3065965074642498
"iDR3.SPLUS-n16s12.056594",166.8052119589077,-19.822472037937665
"iDR3.STRIPE82-0091.052056",303.94113570572546,-0.8318492558212386
"iDR3.HYDRA-0118.000187",161.17416113062097,-39.81807603743091
"iDR3.SPLUS-s21s22.000208",318.4351200795311,-27.61625697399496
"iDR3.HYDRA-0012.062510",153.0624222380839,-23.254182223611593
"iDR3.SPLUS-n03n01.044529",151.494198874988,2.98683485363518
"iDR3.SPLUS-s28s35.039399",57.509130564336886,-35.8326311130568
"iDR3.HYDRA-0021.018612",150.31648554781435,-25.670183476761334
"iDR3.SPLUS-s17s30.018065",327.37170525535765,-21.87617578358955
"iDR3.HYDRA-0163.052248",157.35242130447386,-47.61402751103381
"iDR3.HYDRA-0147.022621",156.37943171551407,-45.06578160065995
"iDR3.STRIPE82-0116.031319",320.0164684140071,0.681203207622036
"iDR3.HYDRA-0069.072570",152.6843764697024,-31.498430865038777
"iDR3.STRIPE82-0088.122005",301.0978215799018,1.1690236776307426
"iDR3.STRIPE82-0010.047733",5.794702286778074,1.406103939044776
"iDR3.STRIPE82-0106.060406",313.07600739671597,1.4036058927754294
"iDR3.HYDRA-0121.007936",150.36426265509746,-41.065510117550396
"iDR3.SPLUS-s13s46.028473",348.08138382562527,-16.292385542490308
"iDR3.HYDRA-0152.069911",151.82573425047684,-46.15034498507277
"iDR3.HYDRA-0114.003307",154.6713324591896,-39.75867105583593
"iDR3.HYDRA-0035.033179",157.01808849373546,-26.7325113454699
"iDR3.HYDRA-0110.000109",163.1468311485558,-38.44762542248417
"iDR3.HYDRA-0057.003463",163.85685963775933,-30.106871587251252
"iDR3.SPLUS-s29s31.004460",51.824508481136085,-38.08781242098932
"iDR3.SPLUS-n16s10.042938",164.89864692065544,-19.895980828646167
"iDR3.STRIPE82-0095.000465",306.4236931426687,-1.3708953451029295
"iDR3.HYDRA-0136.074577",164.1661499886443,-41.13029794023586
"iDR3.HYDRA-0036.051717",160.09994895059572,-25.944221356349157
"iDR3.SPLUS-n15s12.006795",165.9565453013735,-19.48303098308718
"iDR3.SPLUS-s32s43.044670",316.13889326362374,-41.31680090947594
"iDR3.HYDRA-0097.053552",155.63551520246293,-36.10692505600672
"iDR3.SPLUS-n10s37.034860",201.45279121661528,-11.610508041620403
"iDR3.SPLUS-n08s38.007779",202.57544791378788,-10.061099281143985
"iDR3.STRIPE82-0099.000216",308.71568785901957,-1.3756199014350066
"iDR3.SPLUS-n02s27.028962",186.55515575396555,-1.3050604270173294
"iDR3.STRIPE82-0131.088686",331.4438701132191,-0.0515485997197639
"iDR3.HYDRA-0086.000006",149.98570338784987,-35.673153735262105
"iDR3.HYDRA-0141.003390",158.81235704715542,-43.873488644268186
"iDR3.HYDRA-0160.098123",151.175481558165,-47.31676166970669
"iDR3.SPLUS-n01s26.012257",185.1262278328599,-0.4489898505732815
"iDR3.SPLUS-n12s33.033744",195.85333719778333,-14.768012017147683
"iDR3.SPLUS-n17s07.000215",159.75467689646442,-22.29141044512201
"iDR3.SPLUS-n15s17.046730",172.89437567103894,-18.208436773501376
"iDR3.HYDRA-0021.074177",151.0744995610249,-24.57100113320295
"iDR3.SPLUS-n18s14.055084",170.50747890578657,-22.40581366567755
"iDR3.SPLUS-n14s02.046961",151.33320686638874,-17.014160498775645
"iDR3.SPLUS-s33s06.005631",9.3334998428977,-43.28679289061124
"iDR3.HYDRA-0062.046290",156.26606979800349,-30.635398185393296
"iDR3.HYDRA-0086.000385",151.2042251110183,-35.662840176543284
"iDR3.STRIPE82-0131.041469",332.36471190897396,-0.6686601125078618
"iDR3.HYDRA-0069.084373",152.7171290639798,-31.499432358148674
"iDR3.STRIPE82-0129.000327",330.2934595581163,-1.3716355828766573
"iDR3.STRIPE82-0085.015705",60.06204423774292,-0.9933700440480975
"iDR3.SPLUS-n13s32.041673",193.96621629887355,-15.988729866184018
"iDR3.SPLUS-n12s33.007825",196.84091911204848,-15.407643116570899
"iDR3.SPLUS-n10s38.064523",201.4528190508685,-11.610542402646047
"iDR3.SPLUS-s19s23.021620",317.80422712593304,-24.57136224530977
"iDR3.SPLUS-s26s50.028795",320.47279017798735,-33.754863540113156
"iDR3.HYDRA-0103.027272",149.76215179465476,-38.039617128121755
"iDR3.SPLUS-n12s27.041703",187.152690295965,-14.574987744714058
"iDR3.STRIPE82-0061.047759",42.22020967186947,-0.34502876439944874
"iDR3.STRIPE82-0117.000340",321.7023103334203,-1.3712765862513248
"iDR3.SPLUS-n10s38.032218",202.49740011343826,-12.197517711097328
"iDR3.HYDRA-D-0003.023388",157.4099439878381,-36.465602795184395
"iDR3.STRIPE82-0095.009756",306.7826580607502,-1.2428284291642158
"iDR3.HYDRA-0036.025605",158.60707177776573,-26.843964133495795
"iDR3.STRIPE82-0009.064709",6.293812438051372,-0.039030855954169545
"iDR3.STRIPE82-0160.001431",351.3306080429088,0.02582069257870232
"iDR3.SPLUS-s31s44.026340",317.0029779711126,-40.16208718631008
"iDR3.SPLUS-s26s41.031556",65.02824515881092,-32.85555378019325
"iDR3.HYDRA-0137.029733",149.10095208487328,-43.64294973842349
"iDR3.HYDRA-D-0001.132432",158.28552240801693,-33.90187445311281
"iDR3.SPLUS-s23s21.059687",315.1712471950401,-28.869889728842818
"iDR3.HYDRA-0103.000336",150.83321357311652,-38.41429873694168
"iDR3.SPLUS-s29s36.034085",59.690802565282205,-37.28245753340851
"iDR3.SPLUS-n15s02.031739",152.09244557889758,-18.855645526199307
"iDR3.HYDRA-0155.011583",157.86514050392827,-46.525508474788936
"iDR3.HYDRA-0165.095729",161.45762448641304,-47.24326482253396
"iDR3.SPLUS-n14s05.040853",155.35138973078116,-17.35180452632072
"iDR3.HYDRA-0069.072773",152.77837940084646,-31.490207222019478
"iDR3.SPLUS-n11s41.018800",206.44252149492056,-13.92061545280537
"iDR3.HYDRA-0064.058790",159.30148712477805,-30.104959715534267
"iDR3.HYDRA-0138.057868",152.3388977321178,-43.32801654411058
"iDR3.HYDRA-0137.051512",149.09872315744735,-43.45483084836025
"iDR3.HYDRA-0094.048867",165.40719441027971,-34.867606715839734
"iDR3.HYDRA-0034.000945",156.8924500671813,-27.390251030201163
"iDR3.SPLUS-n14s04.032195",154.40099823757333,-17.535628487907275
"iDR3.HYDRA-0069.008022",151.72492172026872,-32.82408028493995
"iDR3.HYDRA-D-0001.006234",159.0274738218744,-35.31470268129857
"iDR3.HYDRA-0071.021858",156.77080504158823,-32.560112159833395
"iDR3.SPLUS-s34s43.033280",316.38010230141634,-44.08160542584141
"iDR3.SPLUS-n17s01.032374",150.78584556846346,-21.440884622598723
"iDR3.SPLUS-n03s27.019933",186.81823624008837,-2.929951922575227
"iDR3.SPLUS-s28s36.000026",57.88896481579407,-36.90414856393459
"iDR3.HYDRA-0155.100981",157.83910402368363,-45.64787657223866
"iDR3.SPLUS-s21s22.042879",318.4259223199058,-26.523973932156988
"iDR3.HYDRA-0095.038481",150.34345612577488,-36.36023161905911
"iDR3.SPLUS-s30s41.034491",68.10072582475581,-38.6335461956776
"iDR3.HYDRA-0077.016390",149.49789108084275,-34.054968514257155
"iDR3.HYDRA-0062.045899",156.2665107881092,-30.652673063849697
"iDR3.HYDRA-0066.033639",161.47441182224094,-30.849252934535546
"iDR3.SPLUS-s26s48.075519",316.1942029373568,-32.84718047090613
"iDR3.HYDRA-0112.025956",149.15783754849198,-39.50576440346268
"iDR3.HYDRA-0073.071195",158.42009007951165,-31.74543771286902
"iDR3.SPLUS-n11s40.058627",204.25955482322905,-12.824546471127727
"iDR3.HYDRA-0047.074822",162.59373072652033,-27.368107736260534
"iDR3.HYDRA-0061.079386",153.93283834106816,-30.109797573552832
"iDR3.SPLUS-s22s34.015036",336.2839708697898,-28.642961733211386
"iDR3.SPLUS-s34s43.000970",318.0648945051363,-44.75456755895427
"iDR3.SPLUS-n14s04.035800",153.84169340720192,-17.446367703037293
"iDR3.SPLUS-n17s06.044598",158.52402304958179,-21.34788738599182
"iDR3.HYDRA-0037.059414",161.10861009086577,-25.951161716193315
"iDR3.HYDRA-0094.045164",165.40928689230049,-34.94516761917783
"iDR3.HYDRA-0149.119352",159.4709267970888,-43.86007773288828
"iDR3.HYDRA-0117.069238",160.0639019386787,-38.59419284655704
"iDR3.HYDRA-0134.074408",159.39841191849118,-41.4592817859141
"iDR3.STRIPE82-0036.000602",24.11961493287005,0.026195752546741502
"iDR3.SPLUS-s31s44.000034",316.0305917464601,-40.84765690927609
"iDR3.SPLUS-s24s53.000002",321.5625805797768,-31.615376365575624
"iDR3.HYDRA-D-0001.030071",157.4131079789567,-35.043837246965616
"iDR3.SPLUS-n18s16.012467",173.44708705543903,-23.350512504245973
"iDR3.HYDRA-D-0004.003138",157.0753827774953,-36.691805709090175
"iDR3.STRIPE82-0121.000445",324.53663582536615,-1.3736253157838896
"iDR3.SPLUS-n16s01.039654",150.45553281590728,-19.940589094414495
"iDR3.SPLUS-s24s14.005974",19.60660774712286,-31.399353927533895
"iDR3.HYDRA-0046.035084",161.62048671080032,-28.15520843981378
"iDR3.SPLUS-n02s24.008833",182.74331562989954,-1.8524462527304242
"iDR3.HYDRA-0141.025732",158.8065775802616,-43.61225611492889
"iDR3.HYDRA-0142.100845",160.71061072765804,-42.831132384496996
"iDR3.STRIPE82-0020.047343",12.14637949210302,1.0509885693606407
"iDR3.HYDRA-0099.028003",159.1180503599658,-36.59876282039385
"iDR3.HYDRA-0137.152409",150.04403590717658,-42.47967038356912
"iDR3.SPLUS-n13s07.001405",158.52840956441412,-16.892213111608424
"iDR3.SPLUS-n03s21.047367",177.88896201644386,-2.3727022231183543
"iDR3.HYDRA-0060.064019",152.2423386574837,-30.14090150982303
"iDR3.HYDRA-D-0001.039852",157.4120863315039,-34.90442344373757
"iDR3.HYDRA-D-0003.054153",157.4066514130115,-36.097477899578195
"iDR3.SPLUS-s22s15.027108",21.455380574897077,-28.162097768619763
"iDR3.SPLUS-n13s07.000228",159.3341417353601,-16.925025206677073
"iDR3.HYDRA-0093.031829",161.91055073565602,-35.210061468610334
"iDR3.SPLUS-n12s36.037222",201.03658613768138,-14.610930357652853
"iDR3.HYDRA-0149.118794",159.13859477095005,-43.862139008850626
"iDR3.SPLUS-s29s34.057247",56.393779746262815,-37.11760710785724
"iDR3.HYDRA-0139.098077",154.93781480403348,-42.757680781101506
"iDR3.SPLUS-s17s23.012702",317.20739825529853,-22.049834069389064
"iDR3.HYDRA-0118.000274",161.35774364381328,-39.8162026589273
"iDR3.STRIPE82-0013.035932",7.916972348060869,-0.5040753808569185
"iDR3.HYDRA-0067.048684",164.44320867517322,-30.715305703436048
"iDR3.STRIPE82-0133.046310",333.6920538697843,0.003997383261507158
"iDR3.SPLUS-s28s32.009762",52.535928707904795,-36.704388474125
"iDR3.HYDRA-0156.006641",159.87675494493786,-46.564657537072684
"iDR3.STRIPE82-0130.033159",330.18859162143974,1.4427121780449559
"iDR3.HYDRA-0063.060251",157.26596204452088,-30.49880504523656
"iDR3.SPLUS-s32s43.039240",316.1410561269261,-41.406278151466964
"iDR3.HYDRA-0088.080177",154.72285885729622,-34.53892099406186
"iDR3.HYDRA-D-0001.124046",159.0420721965171,-33.8928018726414
"iDR3.HYDRA-0102.026260",162.515650041078,-36.574052854141335
"iDR3.STRIPE82-0099.000986",309.378260791061,-1.3673212874454577
"iDR3.HYDRA-0114.011525",154.6692001582799,-39.6365392205941
"iDR3.STRIPE82-0041.051277",28.668522834414734,-0.11212487241337153
"iDR3.HYDRA-0122.097298",154.03341374311276,-39.99199791104936
"iDR3.HYDRA-0097.016974",155.6495229898173,-36.76197607667518
"iDR3.HYDRA-0029.046523",163.3544777715607,-24.963423207760286
"iDR3.HYDRA-0103.085662",151.05256539593745,-36.998541287875604
"iDR3.HYDRA-0084.007638",161.48226670092507,-34.1757868513465
"iDR3.STRIPE82-0090.164743",302.1077850847344,1.4412749015686386
"iDR3.STRIPE82-0076.041290",53.14872293805281,1.1307404301546549
"iDR3.SPLUS-s27s43.019109",68.59301627996459,-35.02425304000783
"iDR3.HYDRA-0128.044340",165.2065914097288,-40.53613360715811
"iDR3.SPLUS-s26s15.039481",22.94171261222068,-33.123013348958494
"iDR3.SPLUS-n03s19.045911",175.8722971552406,-2.0555300405054746
"iDR3.SPLUS-s29s44.000059",72.82492579205852,-38.22045935423106
"iDR3.SPLUS-s24s15.028978",21.359334752178796,-30.742435844021443
"iDR3.SPLUS-s28s38.000046",61.28870521582715,-36.90349995111767
"iDR3.STRIPE82-0144.035938",339.9170471997488,0.9433648189988765
"iDR3.HYDRA-0051.002911",154.1718422991151,-30.101331728951944
"iDR3.SPLUS-n05s03.014260",153.43574708010368,-5.843879434448935
"iDR3.STRIPE82-0099.013037",309.11226024382256,-1.2192230941403257
"iDR3.HYDRA-D-0003.003926",158.85632105134314,-36.69237780621297
"iDR3.STRIPE82-0119.049314",323.4643830637324,-0.5911801517376837
"iDR3.HYDRA-0162.014808",155.30800173233487,-47.860427833313494
"iDR3.STRIPE82-0116.051020",319.9102276591883,1.432156826417286
"iDR3.HYDRA-0050.014009",150.8633898417899,-29.921895348334015
"iDR3.HYDRA-0135.069910",161.2720075661048,-41.67405607050589
"iDR3.SPLUS-s24s69.010693",348.23866129473436,-31.34911035441254
"iDR3.HYDRA-0086.000101",150.3281186076152,-35.672643976049294
"iDR3.STRIPE82-0159.019049",351.0847562454346,-0.10695578184817373
"iDR3.SPLUS-s29s44.009421",73.06060239400423,-37.9919065152491
"iDR3.STRIPE82-0132.019737",332.36516896581617,0.37599450288309955
"iDR3.HYDRA-0164.009082",159.41836338488045,-47.90958735478752
"iDR3.HYDRA-0102.075028",163.37295902057727,-35.6370885272387
"iDR3.HYDRA-0132.016844",157.36825067508548,-42.35432860172816
"iDR3.STRIPE82-0108.068402",315.27038588838445,1.265613970234888
"iDR3.HYDRA-0103.030718",149.7618112507842,-37.99229277590795
"iDR3.HYDRA-0058.054637",164.34141445315473,-29.28238239747756
"iDR3.SPLUS-s28s35.043927",57.5003098460388,-35.519698395226584
"iDR3.HYDRA-D-0001.048636",157.41203038598908,-34.80732452435069
"iDR3.HYDRA-0162.055621",155.29918110117555,-47.552547726556845
"iDR3.HYDRA-0069.032811",151.71131614840397,-32.41251728046461
"iDR3.SPLUS-s31s44.000001",315.19173400434465,-40.84660194203089
"iDR3.SPLUS-n16s17.029996",174.45820819375535,-20.1269725960127
"iDR3.HYDRA-D-0003.053639",157.40586748371354,-36.11017334392303
"iDR3.STRIPE82-0119.064458",323.85666272973185,-0.31861735573711725
"iDR3.SPLUS-n19s01.000682",165.5741843821793,-24.945324779862712
"iDR3.SPLUS-s22s24.018633",320.9622015584057,-28.51448782520718
"iDR3.SPLUS-s17s30.014841",327.3723686059991,-21.949090934407824
"iDR3.SPLUS-s17s23.018737",317.2065219317209,-21.944508345114297
"iDR3.HYDRA-0099.062792",159.10437619393088,-35.99111679823401
"iDR3.STRIPE82-0023.000202",15.576103042117891,-1.3737349639868217
"iDR3.HYDRA-D-0001.000002",157.57346048368717,-35.34552227739589
"iDR3.HYDRA-0137.148998",150.1812178573038,-42.47799244012098
"iDR3.HYDRA-0148.040784",158.33873911069662,-44.810815108805805
"iDR3.SPLUS-s21s22.041739",318.42540268782403,-26.497227450489703
"iDR3.SPLUS-n12s35.014673",199.6383984853757,-15.213208704360865
"iDR3.HYDRA-0072.009419",158.42768010902918,-32.72912328849959
